sale_id,invoice_id,product_id,sale_date,quantity,unit_price,discount_rate,revenue
S000001,INV00001,P009,2024-05-12,3,555.19,0.15,1415.73
S000002,INV00002,P013,2025-10-03,4,499.96,0.0,1999.84
S000003,INV00002,P019,2025-10-03,2,298.11,0.05,566.41
S000004,INV00002,P006,2025-10-03,5,187.1,0.0,935.5
S000005,INV00002,P002,2025-10-03,4,348.25,0.05,1323.35
S000006,INV00003,P014,2025-02-07,1,365.65,0.15,310.8
S000007,INV00003,P017,2025-02-07,1,680.26,0.15,578.22
S000008,INV00004,P010,2024-08-22,3,358.33,0.0,1074.99
S000009,INV00004,P006,2024-08-22,1,187.1,0.0,187.1
S000010,INV00005,P008,2025-08-31,1,24.11,0.05,22.9
S000011,INV00005,P019,2025-08-31,2,298.11,0.15,506.79
S000012,INV00005,P005,2025-08-31,2,66.59,0.0,133.18
S000013,INV00005,P007,2025-08-31,3,118.83,0.15,303.02
S000014,INV00006,P005,2025-01-07,1,66.59,0.0,66.59
S000015,INV00007,P001,2025-04-21,1,564.89,0.15,480.16
S000016,INV00007,P004,2025-04-21,2,296.13,0.15,503.42
S000017,INV00008,P006,2025-02-02,3,187.1,0.05,533.23
S000018,INV00008,P012,2025-02-02,4,490.89,0.1,1767.2
S000019,INV00008,P007,2025-02-02,3,118.83,0.0,356.49
S000020,INV00009,P004,2025-07-03,1,296.13,0.0,296.13
S000021,INV00009,P007,2025-07-03,4,118.83,0.15,404.02
S000022,INV00009,P021,2025-07-03,5,285.53,0.0,1427.65
S000023,INV00009,P002,2025-07-03,5,348.25,0.1,1567.12
S000024,INV00010,P009,2025-11-29,2,555.19,0.0,1110.38
S000025,INV00010,P013,2025-11-29,4,499.96,0.0,1999.84
S000026,INV00010,P005,2025-11-29,3,66.59,0.1,179.79
S000027,INV00010,P004,2025-11-29,3,296.13,0.0,888.39
S000028,INV00011,P014,2024-02-06,2,365.65,0.05,694.73
S000029,INV00011,P010,2024-02-06,2,358.33,0.1,644.99
S000030,INV00012,P010,2024-04-28,4,358.33,0.15,1218.32
S000031,INV00012,P012,2024-04-28,1,490.89,0.0,490.89
S000032,INV00013,P019,2025-10-12,3,298.11,0.05,849.61
S000033,INV00013,P010,2025-10-12,3,358.33,0.0,1074.99
S000034,INV00013,P016,2025-10-12,2,135.67,0.1,244.21
S000035,INV00013,P009,2025-10-12,1,555.19,0.0,555.19
S000036,INV00014,P014,2024-02-26,5,365.65,0.0,1828.25
S000037,INV00015,P005,2024-09-18,4,66.59,0.0,266.36
S000038,INV00015,P008,2024-09-18,4,24.11,0.0,96.44
S000039,INV00015,P011,2024-09-18,1,292.74,0.0,292.74
S000040,INV00015,P017,2024-09-18,3,680.26,0.1,1836.7
S000041,INV00016,P005,2024-11-19,3,66.59,0.0,199.77
S000042,INV00017,P018,2024-08-24,3,588.71,0.05,1677.82
S000043,INV00017,P004,2024-08-24,2,296.13,0.15,503.42
S000044,INV00017,P015,2024-08-24,5,151.86,0.0,759.3
S000045,INV00017,P017,2024-08-24,5,680.26,0.0,3401.3
S000046,INV00018,P017,2025-12-18,5,680.26,0.0,3401.3
S000047,INV00019,P019,2024-11-11,4,298.11,0.0,1192.44
S000048,INV00019,P017,2024-11-11,4,680.26,0.0,2721.04
S000049,INV00020,P021,2024-09-13,2,285.53,0.05,542.51
S000050,INV00020,P008,2024-09-13,1,24.11,0.0,24.11
S000051,INV00020,P007,2024-09-13,1,118.83,0.05,112.89
S000052,INV00021,P005,2025-02-15,1,66.59,0.05,63.26
S000053,INV00021,P011,2025-02-15,1,292.74,0.1,263.47
S000054,INV00021,P018,2025-02-15,5,588.71,0.0,2943.55
S000055,INV00022,P001,2024-03-16,4,564.89,0.15,1920.63
S000056,INV00022,P012,2024-03-16,3,490.89,0.0,1472.67
S000057,INV00022,P017,2024-03-16,1,680.26,0.0,680.26
S000058,INV00022,P020,2024-03-16,4,501.47,0.0,2005.88
S000059,INV00023,P006,2024-01-05,1,187.1,0.0,187.1
S000060,INV00023,P021,2024-01-05,4,285.53,0.0,1142.12
S000061,INV00023,P018,2024-01-05,3,588.71,0.1,1589.52
S000062,INV00023,P017,2024-01-05,1,680.26,0.05,646.25
S000063,INV00024,P011,2025-12-04,3,292.74,0.0,878.22
S000064,INV00024,P021,2025-12-04,3,285.53,0.1,770.93
S000065,INV00024,P003,2025-12-04,5,508.77,0.1,2289.47
S000066,INV00024,P008,2025-12-04,4,24.11,0.15,81.97
S000067,INV00025,P018,2024-03-27,1,588.71,0.0,588.71
S000068,INV00026,P014,2025-02-27,4,365.65,0.0,1462.6
S000069,INV00027,P003,2024-12-03,1,508.77,0.0,508.77
S000070,INV00027,P013,2024-12-03,3,499.96,0.15,1274.9
S000071,INV00027,P009,2024-12-03,1,555.19,0.05,527.43
S000072,INV00027,P004,2024-12-03,2,296.13,0.15,503.42
S000073,INV00028,P021,2025-03-01,3,285.53,0.0,856.59
S000074,INV00028,P019,2025-03-01,3,298.11,0.0,894.33
S000075,INV00028,P018,2025-03-01,1,588.71,0.0,588.71
S000076,INV00029,P015,2025-01-25,3,151.86,0.15,387.24
S000077,INV00029,P001,2025-01-25,2,564.89,0.0,1129.78
S000078,INV00029,P005,2025-01-25,2,66.59,0.15,113.2
S000079,INV00030,P002,2025-06-11,2,348.25,0.1,626.85
S000080,INV00030,P021,2025-06-11,3,285.53,0.15,728.1
S000081,INV00030,P019,2025-06-11,1,298.11,0.0,298.11
S000082,INV00031,P002,2024-07-28,4,348.25,0.15,1184.05
S000083,INV00032,P019,2024-09-21,3,298.11,0.15,760.18
S000084,INV00032,P012,2024-09-21,5,490.89,0.0,2454.45
S000085,INV00032,P017,2024-09-21,5,680.26,0.05,3231.24
S000086,INV00032,P003,2024-09-21,4,508.77,0.1,1831.57
S000087,INV00033,P002,2024-09-21,4,348.25,0.0,1393.0
S000088,INV00034,P007,2024-03-04,1,118.83,0.15,101.01
S000089,INV00035,P011,2024-05-30,5,292.74,0.15,1244.14
S000090,INV00035,P014,2024-05-30,1,365.65,0.0,365.65
S000091,INV00036,P007,2024-04-18,4,118.83,0.1,427.79
S000092,INV00036,P006,2024-04-18,2,187.1,0.05,355.49
S000093,INV00036,P019,2024-04-18,5,298.11,0.15,1266.97
S000094,INV00037,P009,2024-03-07,5,555.19,0.0,2775.95
S000095,INV00037,P014,2024-03-07,2,365.65,0.1,658.17
S000096,INV00038,P017,2024-05-07,4,680.26,0.15,2312.88
S000097,INV00038,P009,2024-05-07,1,555.19,0.1,499.67
S000098,INV00038,P004,2024-05-07,5,296.13,0.1,1332.59
S000099,INV00039,P020,2025-01-14,5,501.47,0.05,2381.98
S000100,INV00039,P008,2025-01-14,5,24.11,0.0,120.55
S000101,INV00039,P003,2025-01-14,4,508.77,0.05,1933.33
S000102,INV00039,P006,2025-01-14,2,187.1,0.0,374.2
S000103,INV00040,P006,2024-12-27,4,187.1,0.1,673.56
S000104,INV00040,P010,2024-12-27,4,358.33,0.15,1218.32
S000105,INV00040,P015,2024-12-27,3,151.86,0.05,432.8
S000106,INV00040,P002,2024-12-27,4,348.25,0.0,1393.0
S000107,INV00041,P018,2025-04-29,2,588.71,0.05,1118.55
S000108,INV00041,P008,2025-04-29,1,24.11,0.1,21.7
S000109,INV00041,P013,2025-04-29,3,499.96,0.05,1424.89
S000110,INV00041,P014,2025-04-29,3,365.65,0.0,1096.95
S000111,INV00042,P016,2024-03-23,1,135.67,0.0,135.67
S000112,INV00042,P018,2024-03-23,5,588.71,0.15,2502.02
S000113,INV00042,P005,2024-03-23,1,66.59,0.0,66.59
S000114,INV00043,P015,2025-10-07,5,151.86,0.0,759.3
S000115,INV00044,P008,2024-06-30,3,24.11,0.15,61.48
S000116,INV00044,P003,2024-06-30,4,508.77,0.0,2035.08
S000117,INV00045,P010,2025-06-30,3,358.33,0.15,913.74
S000118,INV00046,P015,2024-09-07,4,151.86,0.0,607.44
S000119,INV00046,P006,2024-09-07,2,187.1,0.0,374.2
S000120,INV00047,P016,2024-08-09,4,135.67,0.1,488.41
S000121,INV00047,P005,2024-08-09,1,66.59,0.15,56.6
S000122,INV00047,P011,2024-08-09,4,292.74,0.15,995.32
S000123,INV00047,P002,2024-08-09,3,348.25,0.1,940.27
S000124,INV00048,P013,2025-06-03,3,499.96,0.05,1424.89
S000125,INV00049,P005,2025-02-07,4,66.59,0.15,226.41
S000126,INV00049,P014,2025-02-07,4,365.65,0.15,1243.21
S000127,INV00049,P002,2025-02-07,1,348.25,0.15,296.01
S000128,INV00049,P021,2025-02-07,1,285.53,0.0,285.53
S000129,INV00050,P020,2024-11-11,2,501.47,0.0,1002.94
S000130,INV00050,P012,2024-11-11,1,490.89,0.0,490.89
S000131,INV00051,P005,2025-05-13,5,66.59,0.15,283.01
S000132,INV00051,P004,2025-05-13,4,296.13,0.0,1184.52
S000133,INV00051,P018,2025-05-13,2,588.71,0.1,1059.68
S000134,INV00052,P001,2025-02-14,3,564.89,0.1,1525.2
S000135,INV00052,P010,2025-02-14,2,358.33,0.1,644.99
S000136,INV00053,P001,2025-09-02,5,564.89,0.0,2824.45
S000137,INV00053,P021,2025-09-02,2,285.53,0.0,571.06
S000138,INV00053,P012,2025-09-02,5,490.89,0.05,2331.73
S000139,INV00054,P004,2024-04-24,1,296.13,0.05,281.32
S000140,INV00054,P005,2024-04-24,3,66.59,0.05,189.78
S000141,INV00055,P005,2025-12-19,5,66.59,0.1,299.66
S000142,INV00055,P020,2025-12-19,1,501.47,0.1,451.32
S000143,INV00055,P008,2025-12-19,5,24.11,0.0,120.55
S000144,INV00056,P017,2024-06-22,5,680.26,0.05,3231.24
S000145,INV00056,P004,2024-06-22,5,296.13,0.1,1332.59
S000146,INV00057,P008,2024-04-08,4,24.11,0.0,96.44
S000147,INV00057,P005,2024-04-08,2,66.59,0.0,133.18
S000148,INV00057,P019,2024-04-08,1,298.11,0.0,298.11
S000149,INV00058,P021,2025-03-25,5,285.53,0.05,1356.27
S000150,INV00058,P017,2025-03-25,2,680.26,0.0,1360.52
S000151,INV00058,P005,2025-03-25,4,66.59,0.05,253.04
S000152,INV00058,P002,2025-03-25,4,348.25,0.1,1253.7
S000153,INV00059,P004,2025-10-02,3,296.13,0.0,888.39
S000154,INV00059,P014,2025-10-02,5,365.65,0.0,1828.25
S000155,INV00059,P001,2025-10-02,2,564.89,0.05,1073.29
S000156,INV00059,P017,2025-10-02,4,680.26,0.05,2584.99
S000157,INV00060,P017,2025-08-06,4,680.26,0.0,2721.04
S000158,INV00061,P016,2025-08-04,5,135.67,0.15,576.6
S000159,INV00062,P010,2024-09-16,1,358.33,0.05,340.41
S000160,INV00062,P013,2024-09-16,3,499.96,0.1,1349.89
S000161,INV00062,P002,2024-09-16,5,348.25,0.0,1741.25
S000162,INV00063,P016,2025-12-17,2,135.67,0.1,244.21
S000163,INV00063,P021,2025-12-17,5,285.53,0.15,1213.5
S000164,INV00063,P006,2025-12-17,5,187.1,0.0,935.5
S000165,INV00063,P005,2025-12-17,3,66.59,0.0,199.77
S000166,INV00064,P017,2024-11-26,1,680.26,0.15,578.22
S000167,INV00064,P019,2024-11-26,2,298.11,0.05,566.41
S000168,INV00065,P016,2024-07-07,4,135.67,0.15,461.28
S000169,INV00066,P009,2025-08-04,1,555.19,0.0,555.19
S000170,INV00067,P010,2025-06-27,1,358.33,0.05,340.41
S000171,INV00068,P013,2024-02-12,1,499.96,0.0,499.96
S000172,INV00068,P020,2024-02-12,5,501.47,0.0,2507.35
S000173,INV00069,P003,2024-06-03,2,508.77,0.0,1017.54
S000174,INV00070,P012,2024-01-23,5,490.89,0.1,2209.01
S000175,INV00071,P011,2025-10-06,3,292.74,0.05,834.31
S000176,INV00071,P020,2025-10-06,4,501.47,0.0,2005.88
S000177,INV00072,P016,2024-11-04,2,135.67,0.1,244.21
S000178,INV00073,P016,2025-09-18,4,135.67,0.15,461.28
S000179,INV00073,P007,2025-09-18,1,118.83,0.0,118.83
S000180,INV00073,P004,2025-09-18,5,296.13,0.05,1406.62
S000181,INV00073,P014,2025-09-18,2,365.65,0.0,731.3
S000182,INV00074,P007,2025-11-06,4,118.83,0.1,427.79
S000183,INV00075,P021,2024-11-22,2,285.53,0.05,542.51
S000184,INV00075,P002,2024-11-22,5,348.25,0.1,1567.12
S000185,INV00076,P021,2025-12-03,4,285.53,0.1,1027.91
S000186,INV00076,P011,2025-12-03,5,292.74,0.15,1244.14
S000187,INV00077,P015,2025-06-23,3,151.86,0.15,387.24
S000188,INV00077,P011,2025-06-23,2,292.74,0.05,556.21
S000189,INV00078,P014,2025-03-05,3,365.65,0.0,1096.95
S000190,INV00079,P020,2025-02-20,5,501.47,0.0,2507.35
S000191,INV00080,P020,2024-07-30,4,501.47,0.05,1905.59
S000192,INV00080,P003,2024-07-30,5,508.77,0.0,2543.85
S000193,INV00080,P005,2024-07-30,5,66.59,0.15,283.01
S000194,INV00080,P021,2024-07-30,2,285.53,0.1,513.95
S000195,INV00081,P021,2025-03-01,1,285.53,0.05,271.25
S000196,INV00082,P010,2024-06-13,5,358.33,0.05,1702.07
S000197,INV00082,P019,2024-06-13,5,298.11,0.15,1266.97
S000198,INV00083,P012,2024-08-22,1,490.89,0.05,466.35
S000199,INV00084,P003,2024-11-05,1,508.77,0.05,483.33
S000200,INV00084,P011,2024-11-05,5,292.74,0.15,1244.14
S000201,INV00085,P003,2025-02-08,4,508.77,0.0,2035.08
S000202,INV00085,P006,2025-02-08,1,187.1,0.0,187.1
S000203,INV00085,P021,2025-02-08,5,285.53,0.05,1356.27
S000204,INV00085,P004,2025-02-08,5,296.13,0.0,1480.65
S000205,INV00086,P010,2024-10-06,5,358.33,0.1,1612.48
S000206,INV00087,P003,2025-10-22,1,508.77,0.1,457.89
S000207,INV00087,P018,2025-10-22,1,588.71,0.05,559.27
S000208,INV00087,P005,2025-10-22,5,66.59,0.15,283.01
S000209,INV00088,P016,2025-06-25,1,135.67,0.0,135.67
S000210,INV00089,P013,2024-11-17,4,499.96,0.1,1799.86
S000211,INV00090,P004,2025-03-29,2,296.13,0.05,562.65
S000212,INV00090,P005,2025-03-29,3,66.59,0.0,199.77
S000213,INV00090,P014,2025-03-29,3,365.65,0.0,1096.95
S000214,INV00091,P019,2025-11-10,3,298.11,0.0,894.33
S000215,INV00091,P011,2025-11-10,5,292.74,0.1,1317.33
S000216,INV00092,P011,2024-06-19,4,292.74,0.15,995.32
S000217,INV00092,P002,2024-06-19,4,348.25,0.05,1323.35
S000218,INV00092,P016,2024-06-19,3,135.67,0.1,366.31
S000219,INV00092,P004,2024-06-19,3,296.13,0.05,843.97
S000220,INV00093,P011,2025-06-17,5,292.74,0.15,1244.14
S000221,INV00093,P009,2025-06-17,1,555.19,0.1,499.67
S000222,INV00093,P015,2025-06-17,1,151.86,0.0,151.86
S000223,INV00094,P002,2025-01-15,2,348.25,0.0,696.5
S000224,INV00094,P005,2025-01-15,5,66.59,0.1,299.66
S000225,INV00094,P020,2025-01-15,2,501.47,0.05,952.79
S000226,INV00095,P002,2025-12-22,5,348.25,0.0,1741.25
S000227,INV00095,P015,2025-12-22,2,151.86,0.0,303.72
S000228,INV00096,P018,2024-01-19,5,588.71,0.0,2943.55
S000229,INV00096,P007,2024-01-19,4,118.83,0.0,475.32
S000230,INV00096,P010,2024-01-19,1,358.33,0.0,358.33
S000231,INV00096,P014,2024-01-19,5,365.65,0.1,1645.42
S000232,INV00097,P010,2025-05-17,4,358.33,0.05,1361.65
S000233,INV00097,P003,2025-05-17,3,508.77,0.05,1449.99
S000234,INV00097,P006,2025-05-17,2,187.1,0.0,374.2
S000235,INV00098,P009,2025-07-09,1,555.19,0.05,527.43
S000236,INV00099,P021,2025-08-15,4,285.53,0.0,1142.12
S000237,INV00099,P012,2025-08-15,5,490.89,0.05,2331.73
S000238,INV00099,P004,2025-08-15,4,296.13,0.0,1184.52
S000239,INV00099,P010,2025-08-15,1,358.33,0.1,322.5
S000240,INV00100,P019,2025-12-17,4,298.11,0.05,1132.82
S000241,INV00100,P016,2025-12-17,4,135.67,0.0,542.68
S000242,INV00100,P005,2025-12-17,5,66.59,0.15,283.01
S000243,INV00101,P002,2025-02-03,1,348.25,0.15,296.01
S000244,INV00101,P020,2025-02-03,3,501.47,0.0,1504.41
S000245,INV00101,P004,2025-02-03,1,296.13,0.05,281.32
S000246,INV00101,P007,2025-02-03,1,118.83,0.15,101.01
S000247,INV00102,P011,2025-12-21,1,292.74,0.05,278.1
S000248,INV00102,P016,2025-12-21,3,135.67,0.0,407.01
S000249,INV00103,P006,2025-09-20,3,187.1,0.15,477.1
S000250,INV00104,P001,2025-05-31,2,564.89,0.05,1073.29
S000251,INV00104,P004,2025-05-31,2,296.13,0.1,533.03
S000252,INV00105,P007,2024-07-11,3,118.83,0.05,338.67
S000253,INV00105,P021,2024-07-11,4,285.53,0.0,1142.12
S000254,INV00106,P012,2025-06-25,3,490.89,0.05,1399.04
S000255,INV00107,P017,2024-04-05,4,680.26,0.15,2312.88
S000256,INV00107,P004,2024-04-05,3,296.13,0.0,888.39
S000257,INV00107,P005,2024-04-05,3,66.59,0.0,199.77
S000258,INV00107,P013,2024-04-05,1,499.96,0.05,474.96
S000259,INV00108,P020,2024-02-23,2,501.47,0.0,1002.94
S000260,INV00108,P006,2024-02-23,2,187.1,0.15,318.07
S000261,INV00108,P011,2024-02-23,1,292.74,0.0,292.74
S000262,INV00108,P001,2024-02-23,2,564.89,0.0,1129.78
S000263,INV00109,P013,2024-09-04,2,499.96,0.0,999.92
S000264,INV00109,P002,2024-09-04,2,348.25,0.1,626.85
S000265,INV00110,P011,2024-02-02,4,292.74,0.0,1170.96
S000266,INV00110,P020,2024-02-02,4,501.47,0.1,1805.29
S000267,INV00110,P016,2024-02-02,5,135.67,0.05,644.43
S000268,INV00111,P020,2025-08-12,3,501.47,0.0,1504.41
S000269,INV00112,P006,2024-01-27,4,187.1,0.0,748.4
S000270,INV00113,P016,2025-03-16,5,135.67,0.05,644.43
S000271,INV00113,P002,2025-03-16,5,348.25,0.0,1741.25
S000272,INV00114,P004,2024-02-05,2,296.13,0.1,533.03
S000273,INV00114,P018,2024-02-05,3,588.71,0.0,1766.13
S000274,INV00114,P006,2024-02-05,3,187.1,0.05,533.23
S000275,INV00114,P019,2024-02-05,2,298.11,0.0,596.22
S000276,INV00115,P021,2025-02-17,4,285.53,0.15,970.8
S000277,INV00115,P017,2025-02-17,1,680.26,0.1,612.23
S000278,INV00116,P020,2024-05-01,3,501.47,0.05,1429.19
S000279,INV00117,P007,2024-07-11,2,118.83,0.05,225.78
S000280,INV00117,P009,2024-07-11,1,555.19,0.15,471.91
S000281,INV00117,P003,2024-07-11,1,508.77,0.0,508.77
S000282,INV00117,P012,2024-07-11,3,490.89,0.05,1399.04
S000283,INV00118,P006,2024-07-09,4,187.1,0.05,710.98
S000284,INV00118,P007,2024-07-09,3,118.83,0.05,338.67
S000285,INV00118,P004,2024-07-09,1,296.13,0.1,266.52
S000286,INV00118,P005,2024-07-09,1,66.59,0.1,59.93
S000287,INV00119,P020,2024-03-05,2,501.47,0.0,1002.94
S000288,INV00119,P018,2024-03-05,4,588.71,0.05,2237.1
S000289,INV00119,P014,2024-03-05,4,365.65,0.05,1389.47
S000290,INV00120,P013,2024-03-26,1,499.96,0.1,449.96
S000291,INV00120,P002,2024-03-26,5,348.25,0.15,1480.06
S000292,INV00120,P007,2024-03-26,4,118.83,0.05,451.55
S000293,INV00121,P018,2024-09-26,3,588.71,0.0,1766.13
S000294,INV00121,P006,2024-09-26,3,187.1,0.0,561.3
S000295,INV00122,P005,2024-08-29,3,66.59,0.15,169.8
S000296,INV00122,P008,2024-08-29,4,24.11,0.0,96.44
S000297,INV00123,P009,2025-08-03,5,555.19,0.05,2637.15
S000298,INV00123,P015,2025-08-03,1,151.86,0.0,151.86
S000299,INV00123,P020,2025-08-03,3,501.47,0.05,1429.19
S000300,INV00124,P011,2025-09-01,5,292.74,0.05,1390.51
S000301,INV00124,P013,2025-09-01,5,499.96,0.0,2499.8
S000302,INV00124,P019,2025-09-01,1,298.11,0.0,298.11
S000303,INV00124,P012,2025-09-01,3,490.89,0.1,1325.4
S000304,INV00125,P007,2024-05-17,3,118.83,0.15,303.02
S000305,INV00125,P014,2024-05-17,4,365.65,0.1,1316.34
S000306,INV00125,P005,2024-05-17,1,66.59,0.0,66.59
S000307,INV00126,P002,2025-05-22,4,348.25,0.1,1253.7
S000308,INV00127,P010,2025-11-24,2,358.33,0.05,680.83
S000309,INV00128,P013,2024-08-02,1,499.96,0.0,499.96
S000310,INV00128,P018,2024-08-02,2,588.71,0.0,1177.42
S000311,INV00128,P021,2024-08-02,1,285.53,0.1,256.98
S000312,INV00129,P017,2025-07-12,1,680.26,0.05,646.25
S000313,INV00129,P018,2025-07-12,4,588.71,0.0,2354.84
S000314,INV00129,P001,2025-07-12,2,564.89,0.0,1129.78
S000315,INV00130,P003,2024-03-30,3,508.77,0.05,1449.99
S000316,INV00131,P015,2025-08-27,5,151.86,0.0,759.3
S000317,INV00131,P002,2025-08-27,3,348.25,0.05,992.51
S000318,INV00131,P009,2025-08-27,4,555.19,0.0,2220.76
S000319,INV00132,P001,2024-01-06,5,564.89,0.0,2824.45
S000320,INV00132,P002,2024-01-06,1,348.25,0.0,348.25
S000321,INV00132,P021,2024-01-06,1,285.53,0.15,242.7
S000322,INV00133,P011,2024-11-07,3,292.74,0.15,746.49
S000323,INV00133,P009,2024-11-07,5,555.19,0.0,2775.95
S000324,INV00133,P001,2024-11-07,2,564.89,0.05,1073.29
S000325,INV00133,P019,2024-11-07,1,298.11,0.15,253.39
S000326,INV00134,P011,2024-02-14,3,292.74,0.05,834.31
S000327,INV00134,P007,2024-02-14,2,118.83,0.1,213.89
S000328,INV00135,P013,2024-04-19,3,499.96,0.0,1499.88
S000329,INV00136,P003,2025-02-21,1,508.77,0.0,508.77
S000330,INV00137,P003,2025-07-11,5,508.77,0.05,2416.66
S000331,INV00137,P015,2025-07-11,2,151.86,0.1,273.35
S000332,INV00138,P008,2025-12-10,1,24.11,0.0,24.11
S000333,INV00138,P004,2025-12-10,3,296.13,0.1,799.55
S000334,INV00139,P006,2025-10-14,3,187.1,0.05,533.23
S000335,INV00140,P004,2025-10-26,1,296.13,0.0,296.13
S000336,INV00140,P009,2025-10-26,2,555.19,0.15,943.82
S000337,INV00140,P008,2025-10-26,3,24.11,0.0,72.33
S000338,INV00140,P012,2025-10-26,1,490.89,0.15,417.26
S000339,INV00141,P019,2025-07-13,5,298.11,0.1,1341.5
S000340,INV00142,P018,2024-02-13,4,588.71,0.0,2354.84
S000341,INV00142,P013,2024-02-13,5,499.96,0.0,2499.8
S000342,INV00142,P017,2024-02-13,3,680.26,0.0,2040.78
S000343,INV00142,P014,2024-02-13,4,365.65,0.05,1389.47
S000344,INV00143,P011,2025-01-29,4,292.74,0.05,1112.41
S000345,INV00143,P021,2025-01-29,2,285.53,0.1,513.95
S000346,INV00143,P001,2025-01-29,4,564.89,0.1,2033.6
S000347,INV00143,P002,2025-01-29,1,348.25,0.1,313.43
S000348,INV00144,P003,2025-07-22,2,508.77,0.15,864.91
S000349,INV00145,P016,2025-03-08,5,135.67,0.15,576.6
S000350,INV00146,P008,2025-09-04,1,24.11,0.1,21.7
S000351,INV00146,P001,2025-09-04,1,564.89,0.0,564.89
S000352,INV00146,P011,2025-09-04,1,292.74,0.0,292.74
S000353,INV00146,P014,2025-09-04,2,365.65,0.15,621.6
S000354,INV00147,P018,2024-03-18,5,588.71,0.0,2943.55
S000355,INV00148,P004,2025-10-20,5,296.13,0.1,1332.59
S000356,INV00148,P008,2025-10-20,3,24.11,0.15,61.48
S000357,INV00148,P020,2025-10-20,3,501.47,0.1,1353.97
S000358,INV00148,P002,2025-10-20,2,348.25,0.1,626.85
S000359,INV00149,P016,2025-05-14,5,135.67,0.0,678.35
S000360,INV00149,P017,2025-05-14,3,680.26,0.15,1734.66
S000361,INV00150,P017,2025-07-24,1,680.26,0.0,680.26
S000362,INV00150,P015,2025-07-24,1,151.86,0.1,136.67
S000363,INV00150,P010,2025-07-24,2,358.33,0.0,716.66
S000364,INV00151,P004,2025-02-05,5,296.13,0.0,1480.65
S000365,INV00151,P009,2025-02-05,4,555.19,0.1,1998.68
S000366,INV00152,P014,2025-03-26,5,365.65,0.15,1554.01
S000367,INV00152,P012,2025-03-26,3,490.89,0.0,1472.67
S000368,INV00152,P010,2025-03-26,4,358.33,0.0,1433.32
S000369,INV00153,P006,2025-01-05,5,187.1,0.0,935.5
S000370,INV00153,P017,2025-01-05,1,680.26,0.15,578.22
S000371,INV00153,P007,2025-01-05,3,118.83,0.0,356.49
S000372,INV00154,P007,2024-03-20,4,118.83,0.15,404.02
S000373,INV00154,P020,2024-03-20,1,501.47,0.0,501.47
S000374,INV00154,P015,2024-03-20,2,151.86,0.0,303.72
S000375,INV00155,P011,2025-05-10,4,292.74,0.1,1053.86
S000376,INV00156,P001,2024-02-28,5,564.89,0.0,2824.45
S000377,INV00156,P007,2024-02-28,3,118.83,0.0,356.49
S000378,INV00156,P012,2024-02-28,4,490.89,0.0,1963.56
S000379,INV00156,P014,2024-02-28,4,365.65,0.15,1243.21
S000380,INV00157,P013,2024-02-26,5,499.96,0.0,2499.8
S000381,INV00157,P001,2024-02-26,2,564.89,0.0,1129.78
S000382,INV00158,P018,2025-07-24,5,588.71,0.05,2796.37
S000383,INV00158,P003,2025-07-24,1,508.77,0.0,508.77
S000384,INV00158,P017,2025-07-24,3,680.26,0.15,1734.66
S000385,INV00159,P020,2025-11-19,1,501.47,0.0,501.47
S000386,INV00159,P013,2025-11-19,3,499.96,0.1,1349.89
S000387,INV00159,P010,2025-11-19,5,358.33,0.0,1791.65
S000388,INV00159,P015,2025-11-19,4,151.86,0.1,546.7
S000389,INV00160,P005,2024-04-08,5,66.59,0.05,316.3
S000390,INV00160,P006,2024-04-08,5,187.1,0.15,795.17
S000391,INV00161,P009,2025-11-12,4,555.19,0.05,2109.72
S000392,INV00162,P017,2025-03-06,4,680.26,0.1,2448.94
S000393,INV00162,P019,2025-03-06,3,298.11,0.0,894.33
S000394,INV00163,P014,2025-08-24,2,365.65,0.15,621.6
S000395,INV00163,P017,2025-08-24,2,680.26,0.0,1360.52
S000396,INV00163,P016,2025-08-24,5,135.67,0.15,576.6
S000397,INV00164,P018,2024-02-19,3,588.71,0.15,1501.21
S000398,INV00164,P004,2024-02-19,5,296.13,0.0,1480.65
S000399,INV00164,P005,2024-02-19,2,66.59,0.05,126.52
S000400,INV00164,P008,2024-02-19,3,24.11,0.05,68.71
S000401,INV00165,P005,2024-10-16,2,66.59,0.15,113.2
S000402,INV00165,P011,2024-10-16,4,292.74,0.0,1170.96
S000403,INV00165,P004,2024-10-16,4,296.13,0.05,1125.29
S000404,INV00166,P013,2024-12-29,3,499.96,0.0,1499.88
S000405,INV00166,P007,2024-12-29,3,118.83,0.1,320.84
S000406,INV00167,P004,2025-08-08,4,296.13,0.0,1184.52
S000407,INV00167,P002,2025-08-08,4,348.25,0.1,1253.7
S000408,INV00168,P008,2024-05-01,5,24.11,0.0,120.55
S000409,INV00168,P019,2024-05-01,1,298.11,0.15,253.39
S000410,INV00168,P002,2024-05-01,5,348.25,0.05,1654.19
S000411,INV00168,P007,2024-05-01,1,118.83,0.15,101.01
S000412,INV00169,P014,2024-10-10,2,365.65,0.0,731.3
S000413,INV00169,P010,2024-10-10,2,358.33,0.0,716.66
S000414,INV00169,P001,2024-10-10,3,564.89,0.1,1525.2
S000415,INV00170,P018,2024-08-07,1,588.71,0.0,588.71
S000416,INV00171,P012,2025-12-25,5,490.89,0.15,2086.28
S000417,INV00171,P011,2025-12-25,2,292.74,0.0,585.48
S000418,INV00172,P004,2024-08-13,2,296.13,0.05,562.65
S000419,INV00173,P012,2025-02-09,1,490.89,0.05,466.35
S000420,INV00173,P006,2025-02-09,2,187.1,0.1,336.78
S000421,INV00173,P010,2025-02-09,1,358.33,0.05,340.41
S000422,INV00174,P017,2025-09-21,2,680.26,0.1,1224.47
S000423,INV00174,P010,2025-09-21,1,358.33,0.1,322.5
S000424,INV00175,P002,2025-06-13,3,348.25,0.15,888.04
S000425,INV00176,P020,2025-07-03,5,501.47,0.05,2381.98
S000426,INV00176,P002,2025-07-03,3,348.25,0.0,1044.75
S000427,INV00176,P007,2025-07-03,4,118.83,0.0,475.32
S000428,INV00176,P012,2025-07-03,5,490.89,0.15,2086.28
S000429,INV00177,P016,2025-10-10,4,135.67,0.0,542.68
S000430,INV00178,P017,2024-12-13,1,680.26,0.0,680.26
S000431,INV00179,P020,2025-05-20,3,501.47,0.15,1278.75
S000432,INV00179,P011,2025-05-20,4,292.74,0.0,1170.96
S000433,INV00179,P012,2025-05-20,3,490.89,0.1,1325.4
S000434,INV00180,P011,2024-02-29,4,292.74,0.1,1053.86
S000435,INV00180,P018,2024-02-29,4,588.71,0.0,2354.84
S000436,INV00180,P013,2024-02-29,5,499.96,0.0,2499.8
S000437,INV00181,P012,2024-03-28,5,490.89,0.0,2454.45
S000438,INV00181,P007,2024-03-28,1,118.83,0.0,118.83
S000439,INV00181,P016,2024-03-28,2,135.67,0.15,230.64
S000440,INV00182,P013,2025-01-16,3,499.96,0.0,1499.88
S000441,INV00182,P016,2025-01-16,5,135.67,0.1,610.51
S000442,INV00183,P006,2025-11-29,3,187.1,0.1,505.17
S000443,INV00183,P002,2025-11-29,1,348.25,0.0,348.25
S000444,INV00183,P010,2025-11-29,5,358.33,0.05,1702.07
S000445,INV00183,P014,2025-11-29,3,365.65,0.05,1042.1
S000446,INV00184,P001,2025-01-17,4,564.89,0.0,2259.56
S000447,INV00184,P013,2025-01-17,3,499.96,0.05,1424.89
S000448,INV00185,P020,2025-03-05,4,501.47,0.0,2005.88
S000449,INV00185,P002,2025-03-05,2,348.25,0.05,661.67
S000450,INV00185,P017,2025-03-05,2,680.26,0.15,1156.44
S000451,INV00186,P016,2025-11-30,3,135.67,0.15,345.96
S000452,INV00186,P004,2025-11-30,3,296.13,0.1,799.55
S000453,INV00187,P013,2024-10-30,4,499.96,0.1,1799.86
S000454,INV00187,P012,2024-10-30,5,490.89,0.05,2331.73
S000455,INV00187,P008,2024-10-30,1,24.11,0.0,24.11
S000456,INV00187,P007,2024-10-30,3,118.83,0.0,356.49
S000457,INV00188,P001,2024-08-29,1,564.89,0.0,564.89
S000458,INV00188,P003,2024-08-29,3,508.77,0.0,1526.31
S000459,INV00188,P011,2024-08-29,2,292.74,0.05,556.21
S000460,INV00189,P003,2025-11-19,3,508.77,0.1,1373.68
S000461,INV00189,P004,2025-11-19,4,296.13,0.1,1066.07
S000462,INV00189,P021,2025-11-19,3,285.53,0.15,728.1
S000463,INV00190,P006,2024-11-15,4,187.1,0.0,748.4
S000464,INV00190,P009,2024-11-15,5,555.19,0.05,2637.15
S000465,INV00190,P021,2024-11-15,1,285.53,0.05,271.25
S000466,INV00190,P003,2024-11-15,5,508.77,0.0,2543.85
S000467,INV00191,P010,2025-01-24,2,358.33,0.0,716.66
S000468,INV00192,P003,2025-09-30,4,508.77,0.1,1831.57
S000469,INV00193,P014,2025-03-05,3,365.65,0.0,1096.95
S000470,INV00193,P011,2025-03-05,5,292.74,0.05,1390.51
S000471,INV00194,P014,2025-10-30,1,365.65,0.0,365.65
S000472,INV00195,P008,2024-05-03,1,24.11,0.15,20.49
S000473,INV00195,P007,2024-05-03,4,118.83,0.15,404.02
S000474,INV00195,P003,2024-05-03,5,508.77,0.0,2543.85
S000475,INV00196,P014,2024-05-23,1,365.65,0.0,365.65
S000476,INV00196,P004,2024-05-23,2,296.13,0.1,533.03
S000477,INV00197,P018,2024-07-06,1,588.71,0.05,559.27
S000478,INV00197,P007,2024-07-06,5,118.83,0.0,594.15
S000479,INV00198,P008,2025-11-14,4,24.11,0.0,96.44
S000480,INV00198,P005,2025-11-14,4,66.59,0.1,239.72
S000481,INV00198,P017,2025-11-14,5,680.26,0.0,3401.3
S000482,INV00199,P005,2025-03-19,5,66.59,0.0,332.95
S000483,INV00199,P010,2025-03-19,2,358.33,0.1,644.99
S000484,INV00199,P002,2025-03-19,4,348.25,0.1,1253.7
S000485,INV00200,P003,2025-08-25,1,508.77,0.1,457.89
S000486,INV00200,P005,2025-08-25,5,66.59,0.1,299.66
S000487,INV00200,P018,2025-08-25,3,588.71,0.05,1677.82
S000488,INV00201,P003,2025-07-20,2,508.77,0.0,1017.54
S000489,INV00201,P007,2025-07-20,2,118.83,0.15,202.01
S000490,INV00201,P002,2025-07-20,3,348.25,0.1,940.27
S000491,INV00202,P013,2024-06-30,2,499.96,0.05,949.92
S000492,INV00203,P007,2024-12-12,3,118.83,0.0,356.49
S000493,INV00204,P005,2024-09-29,5,66.59,0.0,332.95
S000494,INV00204,P008,2024-09-29,4,24.11,0.1,86.8
S000495,INV00205,P020,2025-04-09,4,501.47,0.1,1805.29
S000496,INV00206,P019,2024-08-17,5,298.11,0.05,1416.02
S000497,INV00206,P017,2024-08-17,1,680.26,0.15,578.22
S000498,INV00206,P013,2024-08-17,4,499.96,0.0,1999.84
S000499,INV00207,P010,2025-03-27,1,358.33,0.0,358.33
S000500,INV00207,P004,2025-03-27,1,296.13,0.15,251.71
S000501,INV00207,P005,2025-03-27,2,66.59,0.0,133.18
S000502,INV00207,P006,2025-03-27,1,187.1,0.05,177.74
S000503,INV00208,P012,2024-08-19,5,490.89,0.0,2454.45
S000504,INV00209,P020,2025-03-22,2,501.47,0.1,902.65
S000505,INV00209,P019,2025-03-22,5,298.11,0.1,1341.5
S000506,INV00209,P021,2025-03-22,3,285.53,0.0,856.59
S000507,INV00209,P005,2025-03-22,5,66.59,0.0,332.95
S000508,INV00210,P021,2024-05-04,1,285.53,0.0,285.53
S000509,INV00210,P008,2024-05-04,1,24.11,0.0,24.11
S000510,INV00210,P017,2024-05-04,2,680.26,0.1,1224.47
S000511,INV00210,P004,2024-05-04,2,296.13,0.0,592.26
S000512,INV00211,P021,2024-05-04,4,285.53,0.1,1027.91
S000513,INV00212,P001,2024-11-16,5,564.89,0.0,2824.45
S000514,INV00213,P004,2025-04-24,4,296.13,0.1,1066.07
S000515,INV00213,P013,2025-04-24,5,499.96,0.0,2499.8
S000516,INV00214,P002,2025-08-01,1,348.25,0.0,348.25
S000517,INV00214,P004,2025-08-01,3,296.13,0.0,888.39
S000518,INV00215,P015,2024-03-12,3,151.86,0.15,387.24
S000519,INV00215,P011,2024-03-12,3,292.74,0.0,878.22
S000520,INV00216,P006,2024-12-06,4,187.1,0.0,748.4
S000521,INV00216,P002,2024-12-06,4,348.25,0.0,1393.0
S000522,INV00216,P018,2024-12-06,5,588.71,0.0,2943.55
S000523,INV00216,P019,2024-12-06,1,298.11,0.0,298.11
S000524,INV00217,P001,2024-03-31,5,564.89,0.0,2824.45
S000525,INV00217,P007,2024-03-31,4,118.83,0.15,404.02
S000526,INV00218,P021,2024-02-17,1,285.53,0.15,242.7
S000527,INV00218,P002,2024-02-17,4,348.25,0.0,1393.0
S000528,INV00218,P005,2024-02-17,5,66.59,0.1,299.66
S000529,INV00219,P001,2025-09-25,4,564.89,0.0,2259.56
S000530,INV00219,P011,2025-09-25,5,292.74,0.05,1390.51
S000531,INV00219,P020,2025-09-25,5,501.47,0.0,2507.35
S000532,INV00220,P013,2024-04-15,2,499.96,0.0,999.92
S000533,INV00221,P012,2025-05-26,3,490.89,0.15,1251.77
S000534,INV00221,P013,2025-05-26,3,499.96,0.1,1349.89
S000535,INV00221,P005,2025-05-26,2,66.59,0.15,113.2
S000536,INV00221,P007,2025-05-26,5,118.83,0.15,505.03
S000537,INV00222,P014,2025-12-18,2,365.65,0.0,731.3
S000538,INV00223,P013,2024-04-17,5,499.96,0.0,2499.8
S000539,INV00223,P008,2024-04-17,1,24.11,0.0,24.11
S000540,INV00224,P017,2024-05-17,5,680.26,0.15,2891.11
S000541,INV00225,P003,2024-12-19,1,508.77,0.05,483.33
S000542,INV00226,P005,2024-06-25,2,66.59,0.1,119.86
S000543,INV00226,P008,2024-06-25,5,24.11,0.15,102.47
S000544,INV00227,P017,2025-02-10,2,680.26,0.05,1292.49
S000545,INV00227,P013,2025-02-10,1,499.96,0.15,424.97
S000546,INV00228,P017,2024-07-20,1,680.26,0.0,680.26
S000547,INV00228,P002,2024-07-20,1,348.25,0.0,348.25
S000548,INV00228,P007,2024-07-20,4,118.83,0.0,475.32
S000549,INV00228,P019,2024-07-20,1,298.11,0.0,298.11
S000550,INV00229,P007,2024-05-17,5,118.83,0.15,505.03
S000551,INV00229,P020,2024-05-17,2,501.47,0.05,952.79
S000552,INV00230,P012,2024-05-11,2,490.89,0.15,834.51
S000553,INV00230,P009,2024-05-11,1,555.19,0.1,499.67
S000554,INV00231,P003,2024-03-09,1,508.77,0.05,483.33
S000555,INV00231,P013,2024-03-09,3,499.96,0.0,1499.88
S000556,INV00231,P012,2024-03-09,4,490.89,0.1,1767.2
S000557,INV00231,P001,2024-03-09,4,564.89,0.05,2146.58
S000558,INV00232,P011,2025-11-30,1,292.74,0.0,292.74
S000559,INV00232,P018,2025-11-30,5,588.71,0.05,2796.37
S000560,INV00233,P007,2024-02-15,1,118.83,0.15,101.01
S000561,INV00233,P012,2024-02-15,5,490.89,0.15,2086.28
S000562,INV00234,P021,2024-05-20,2,285.53,0.0,571.06
S000563,INV00234,P003,2024-05-20,1,508.77,0.15,432.45
S000564,INV00234,P017,2024-05-20,3,680.26,0.1,1836.7
S000565,INV00235,P018,2025-09-11,5,588.71,0.05,2796.37
S000566,INV00236,P007,2024-05-16,5,118.83,0.15,505.03
S000567,INV00236,P012,2024-05-16,2,490.89,0.15,834.51
S000568,INV00237,P010,2024-04-25,1,358.33,0.05,340.41
S000569,INV00237,P020,2024-04-25,5,501.47,0.1,2256.62
S000570,INV00237,P015,2024-04-25,2,151.86,0.0,303.72
S000571,INV00238,P006,2024-05-26,3,187.1,0.15,477.1
S000572,INV00238,P008,2024-05-26,3,24.11,0.05,68.71
S000573,INV00239,P011,2024-09-10,2,292.74,0.1,526.93
S000574,INV00239,P007,2024-09-10,2,118.83,0.0,237.66
S000575,INV00239,P015,2024-09-10,2,151.86,0.05,288.53
S000576,INV00239,P003,2024-09-10,1,508.77,0.15,432.45
S000577,INV00240,P009,2025-04-26,5,555.19,0.05,2637.15
S000578,INV00240,P006,2025-04-26,5,187.1,0.1,841.95
S000579,INV00240,P021,2025-04-26,3,285.53,0.05,813.76
S000580,INV00240,P010,2025-04-26,2,358.33,0.05,680.83
S000581,INV00241,P021,2024-04-11,4,285.53,0.0,1142.12
S000582,INV00242,P012,2025-09-14,5,490.89,0.05,2331.73
S000583,INV00243,P014,2025-01-12,3,365.65,0.05,1042.1
S000584,INV00243,P010,2025-01-12,3,358.33,0.0,1074.99
S000585,INV00243,P017,2025-01-12,3,680.26,0.0,2040.78
S000586,INV00243,P003,2025-01-12,4,508.77,0.0,2035.08
S000587,INV00244,P006,2024-07-26,1,187.1,0.0,187.1
S000588,INV00244,P014,2024-07-26,3,365.65,0.1,987.25
S000589,INV00244,P007,2024-07-26,1,118.83,0.15,101.01
S000590,INV00244,P009,2024-07-26,5,555.19,0.1,2498.36
S000591,INV00245,P004,2025-12-20,3,296.13,0.0,888.39
S000592,INV00245,P002,2025-12-20,3,348.25,0.0,1044.75
S000593,INV00245,P012,2025-12-20,3,490.89,0.05,1399.04
S000594,INV00246,P007,2024-03-15,2,118.83,0.15,202.01
S000595,INV00246,P003,2024-03-15,5,508.77,0.0,2543.85
S000596,INV00246,P015,2024-03-15,4,151.86,0.15,516.32
S000597,INV00246,P001,2024-03-15,3,564.89,0.1,1525.2
S000598,INV00247,P017,2025-10-21,2,680.26,0.05,1292.49
S000599,INV00248,P008,2024-03-08,5,24.11,0.15,102.47
S000600,INV00248,P007,2024-03-08,3,118.83,0.05,338.67
S000601,INV00248,P002,2024-03-08,3,348.25,0.1,940.27
S000602,INV00248,P012,2024-03-08,3,490.89,0.05,1399.04
S000603,INV00249,P020,2025-08-27,2,501.47,0.05,952.79
S000604,INV00250,P015,2025-02-04,4,151.86,0.1,546.7
S000605,INV00250,P004,2025-02-04,2,296.13,0.1,533.03
S000606,INV00250,P005,2025-02-04,3,66.59,0.0,199.77
S000607,INV00251,P015,2025-08-19,5,151.86,0.05,721.34
S000608,INV00251,P009,2025-08-19,5,555.19,0.05,2637.15
S000609,INV00251,P007,2025-08-19,2,118.83,0.0,237.66
S000610,INV00252,P012,2024-11-09,4,490.89,0.0,1963.56
S000611,INV00252,P013,2024-11-09,5,499.96,0.0,2499.8
S000612,INV00252,P006,2024-11-09,5,187.1,0.05,888.72
S000613,INV00252,P010,2024-11-09,5,358.33,0.15,1522.9
S000614,INV00253,P013,2025-02-01,3,499.96,0.0,1499.88
S000615,INV00253,P010,2025-02-01,4,358.33,0.05,1361.65
S000616,INV00253,P019,2025-02-01,5,298.11,0.05,1416.02
S000617,INV00254,P021,2024-12-20,1,285.53,0.0,285.53
S000618,INV00255,P017,2025-08-04,2,680.26,0.15,1156.44
S000619,INV00255,P004,2025-08-04,4,296.13,0.05,1125.29
S000620,INV00255,P012,2025-08-04,3,490.89,0.15,1251.77
S000621,INV00256,P003,2025-12-13,3,508.77,0.0,1526.31
S000622,INV00256,P018,2025-12-13,2,588.71,0.0,1177.42
S000623,INV00256,P005,2025-12-13,3,66.59,0.0,199.77
S000624,INV00256,P019,2025-12-13,2,298.11,0.0,596.22
S000625,INV00257,P019,2025-06-03,5,298.11,0.0,1490.55
S000626,INV00258,P010,2025-07-28,4,358.33,0.15,1218.32
S000627,INV00258,P012,2025-07-28,1,490.89,0.0,490.89
S000628,INV00258,P018,2025-07-28,2,588.71,0.15,1000.81
S000629,INV00258,P001,2025-07-28,3,564.89,0.0,1694.67
S000630,INV00259,P002,2024-07-06,1,348.25,0.1,313.43
S000631,INV00260,P008,2025-10-19,2,24.11,0.05,45.81
S000632,INV00260,P018,2025-10-19,5,588.71,0.0,2943.55
S000633,INV00260,P011,2025-10-19,2,292.74,0.0,585.48
S000634,INV00260,P003,2025-10-19,5,508.77,0.05,2416.66
S000635,INV00261,P003,2025-11-26,5,508.77,0.0,2543.85
S000636,INV00261,P020,2025-11-26,3,501.47,0.15,1278.75
S000637,INV00261,P006,2025-11-26,4,187.1,0.0,748.4
S000638,INV00262,P011,2024-09-17,5,292.74,0.15,1244.14
S000639,INV00262,P008,2024-09-17,4,24.11,0.05,91.62
S000640,INV00262,P007,2024-09-17,4,118.83,0.05,451.55
S000641,INV00263,P006,2025-12-05,4,187.1,0.05,710.98
S000642,INV00264,P005,2025-10-30,5,66.59,0.05,316.3
S000643,INV00264,P004,2025-10-30,3,296.13,0.1,799.55
S000644,INV00264,P003,2025-10-30,3,508.77,0.05,1449.99
S000645,INV00265,P013,2024-06-07,1,499.96,0.15,424.97
S000646,INV00265,P011,2024-06-07,4,292.74,0.0,1170.96
S000647,INV00265,P006,2024-06-07,3,187.1,0.0,561.3
S000648,INV00266,P019,2024-11-10,2,298.11,0.1,536.6
S000649,INV00266,P006,2024-11-10,2,187.1,0.15,318.07
S000650,INV00266,P014,2024-11-10,1,365.65,0.05,347.37
S000651,INV00266,P005,2024-11-10,1,66.59,0.15,56.6
S000652,INV00267,P015,2025-10-26,2,151.86,0.0,303.72
S000653,INV00268,P017,2024-03-19,2,680.26,0.0,1360.52
S000654,INV00268,P018,2024-03-19,2,588.71,0.15,1000.81
S000655,INV00268,P008,2024-03-19,4,24.11,0.1,86.8
S000656,INV00269,P016,2024-07-22,1,135.67,0.0,135.67
S000657,INV00270,P008,2025-03-10,4,24.11,0.0,96.44
S000658,INV00270,P020,2025-03-10,2,501.47,0.1,902.65
S000659,INV00271,P020,2025-01-31,1,501.47,0.05,476.4
S000660,INV00271,P013,2025-01-31,4,499.96,0.15,1699.86
S000661,INV00271,P006,2025-01-31,1,187.1,0.0,187.1
S000662,INV00271,P008,2025-01-31,3,24.11,0.05,68.71
S000663,INV00272,P016,2024-06-25,5,135.67,0.0,678.35
S000664,INV00272,P009,2024-06-25,4,555.19,0.15,1887.65
S000665,INV00272,P019,2024-06-25,5,298.11,0.05,1416.02
S000666,INV00273,P010,2025-08-09,4,358.33,0.15,1218.32
S000667,INV00273,P014,2025-08-09,1,365.65,0.05,347.37
S000668,INV00273,P004,2025-08-09,4,296.13,0.15,1006.84
S000669,INV00274,P014,2024-06-03,5,365.65,0.0,1828.25
S000670,INV00274,P011,2024-06-03,2,292.74,0.05,556.21
S000671,INV00274,P009,2024-06-03,4,555.19,0.15,1887.65
S000672,INV00274,P013,2024-06-03,4,499.96,0.1,1799.86
S000673,INV00275,P002,2025-09-18,1,348.25,0.1,313.43
S000674,INV00276,P004,2025-07-07,3,296.13,0.0,888.39
S000675,INV00276,P016,2025-07-07,2,135.67,0.05,257.77
S000676,INV00277,P017,2024-08-26,3,680.26,0.1,1836.7
S000677,INV00277,P005,2024-08-26,5,66.59,0.05,316.3
S000678,INV00278,P018,2024-09-27,3,588.71,0.05,1677.82
S000679,INV00278,P008,2024-09-27,4,24.11,0.1,86.8
S000680,INV00278,P014,2024-09-27,1,365.65,0.15,310.8
S000681,INV00278,P013,2024-09-27,4,499.96,0.0,1999.84
S000682,INV00279,P011,2025-11-13,1,292.74,0.15,248.83
S000683,INV00279,P015,2025-11-13,3,151.86,0.0,455.58
S000684,INV00280,P018,2024-01-07,1,588.71,0.0,588.71
S000685,INV00281,P006,2025-07-22,1,187.1,0.0,187.1
S000686,INV00282,P010,2024-02-06,4,358.33,0.1,1289.99
S000687,INV00283,P016,2025-04-05,4,135.67,0.05,515.55
S000688,INV00283,P019,2025-04-05,2,298.11,0.0,596.22
S000689,INV00283,P011,2025-04-05,5,292.74,0.05,1390.51
S000690,INV00283,P003,2025-04-05,1,508.77,0.0,508.77
S000691,INV00284,P001,2024-03-19,3,564.89,0.0,1694.67
S000692,INV00284,P011,2024-03-19,2,292.74,0.0,585.48
S000693,INV00284,P012,2024-03-19,2,490.89,0.15,834.51
S000694,INV00285,P006,2025-03-29,4,187.1,0.1,673.56
S000695,INV00285,P007,2025-03-29,5,118.83,0.0,594.15
S000696,INV00285,P009,2025-03-29,4,555.19,0.1,1998.68
S000697,INV00286,P019,2024-02-21,4,298.11,0.1,1073.2
S000698,INV00286,P001,2024-02-21,4,564.89,0.05,2146.58
S000699,INV00286,P020,2024-02-21,2,501.47,0.0,1002.94
S000700,INV00287,P006,2024-09-25,2,187.1,0.15,318.07
S000701,INV00287,P013,2024-09-25,1,499.96,0.05,474.96
S000702,INV00288,P001,2025-10-10,2,564.89,0.0,1129.78
S000703,INV00288,P007,2025-10-10,3,118.83,0.0,356.49
S000704,INV00288,P005,2025-10-10,2,66.59,0.0,133.18
S000705,INV00289,P014,2024-05-28,1,365.65,0.15,310.8
S000706,INV00289,P020,2024-05-28,1,501.47,0.0,501.47
S000707,INV00289,P003,2024-05-28,5,508.77,0.05,2416.66
S000708,INV00289,P012,2024-05-28,2,490.89,0.1,883.6
S000709,INV00290,P020,2025-02-26,1,501.47,0.15,426.25
S000710,INV00290,P021,2025-02-26,4,285.53,0.05,1085.01
S000711,INV00290,P002,2025-02-26,3,348.25,0.1,940.27
S000712,INV00290,P017,2025-02-26,3,680.26,0.15,1734.66
S000713,INV00291,P004,2024-10-19,4,296.13,0.1,1066.07
S000714,INV00291,P009,2024-10-19,2,555.19,0.05,1054.86
S000715,INV00291,P021,2024-10-19,1,285.53,0.0,285.53
S000716,INV00292,P010,2025-05-21,2,358.33,0.05,680.83
S000717,INV00292,P003,2025-05-21,2,508.77,0.0,1017.54
S000718,INV00292,P001,2025-05-21,2,564.89,0.05,1073.29
S000719,INV00292,P021,2025-05-21,3,285.53,0.15,728.1
S000720,INV00293,P008,2024-06-08,2,24.11,0.15,40.99
S000721,INV00294,P002,2024-03-13,5,348.25,0.1,1567.12
S000722,INV00295,P006,2024-01-27,3,187.1,0.0,561.3
S000723,INV00296,P018,2025-11-08,1,588.71,0.0,588.71
S000724,INV00297,P009,2025-10-02,2,555.19,0.15,943.82
S000725,INV00298,P001,2024-03-22,3,564.89,0.0,1694.67
S000726,INV00299,P009,2025-12-24,2,555.19,0.0,1110.38
S000727,INV00300,P009,2024-09-02,3,555.19,0.1,1499.01
S000728,INV00301,P004,2025-11-28,5,296.13,0.0,1480.65
S000729,INV00301,P013,2025-11-28,4,499.96,0.0,1999.84
S000730,INV00301,P014,2025-11-28,4,365.65,0.05,1389.47
S000731,INV00301,P010,2025-11-28,5,358.33,0.1,1612.48
S000732,INV00302,P002,2024-01-07,2,348.25,0.0,696.5
S000733,INV00302,P005,2024-01-07,3,66.59,0.0,199.77
S000734,INV00303,P015,2025-12-25,1,151.86,0.0,151.86
S000735,INV00303,P009,2025-12-25,2,555.19,0.0,1110.38
S000736,INV00303,P002,2025-12-25,4,348.25,0.0,1393.0
S000737,INV00304,P018,2024-07-14,2,588.71,0.0,1177.42
S000738,INV00304,P019,2024-07-14,3,298.11,0.05,849.61
S000739,INV00305,P021,2024-04-28,1,285.53,0.15,242.7
S000740,INV00305,P006,2024-04-28,3,187.1,0.0,561.3
S000741,INV00306,P007,2025-12-05,4,118.83,0.15,404.02
S000742,INV00307,P019,2025-10-21,4,298.11,0.1,1073.2
S000743,INV00307,P010,2025-10-21,4,358.33,0.05,1361.65
S000744,INV00308,P002,2025-08-16,2,348.25,0.1,626.85
S000745,INV00309,P014,2024-11-19,3,365.65,0.0,1096.95
S000746,INV00309,P003,2024-11-19,4,508.77,0.0,2035.08
S000747,INV00309,P020,2024-11-19,2,501.47,0.0,1002.94
S000748,INV00310,P009,2024-05-10,5,555.19,0.0,2775.95
S000749,INV00310,P010,2024-05-10,2,358.33,0.0,716.66
S000750,INV00310,P014,2024-05-10,5,365.65,0.0,1828.25
S000751,INV00311,P017,2025-03-04,4,680.26,0.0,2721.04
S000752,INV00312,P003,2025-12-31,1,508.77,0.15,432.45
S000753,INV00313,P008,2024-04-24,2,24.11,0.0,48.22
S000754,INV00314,P004,2024-08-05,1,296.13,0.05,281.32
S000755,INV00314,P013,2024-08-05,1,499.96,0.1,449.96
S000756,INV00314,P001,2024-08-05,4,564.89,0.05,2146.58
S000757,INV00315,P014,2024-08-24,2,365.65,0.1,658.17
S000758,INV00316,P015,2024-08-17,5,151.86,0.05,721.34
S000759,INV00316,P002,2024-08-17,3,348.25,0.0,1044.75
S000760,INV00316,P020,2024-08-17,2,501.47,0.1,902.65
S000761,INV00316,P013,2024-08-17,5,499.96,0.15,2124.83
S000762,INV00317,P021,2024-07-14,3,285.53,0.05,813.76
S000763,INV00317,P018,2024-07-14,4,588.71,0.15,2001.61
S000764,INV00318,P012,2025-08-11,5,490.89,0.1,2209.01
S000765,INV00318,P017,2025-08-11,4,680.26,0.1,2448.94
S000766,INV00319,P011,2025-01-07,1,292.74,0.15,248.83
S000767,INV00320,P002,2025-08-04,2,348.25,0.05,661.67
S000768,INV00321,P009,2025-05-19,5,555.19,0.0,2775.95
S000769,INV00322,P009,2024-02-09,5,555.19,0.0,2775.95
S000770,INV00323,P009,2025-01-17,1,555.19,0.0,555.19
S000771,INV00323,P007,2025-01-17,4,118.83,0.0,475.32
S000772,INV00323,P017,2025-01-17,5,680.26,0.05,3231.24
S000773,INV00324,P015,2024-08-07,4,151.86,0.05,577.07
S000774,INV00324,P017,2024-08-07,5,680.26,0.15,2891.11
S000775,INV00324,P006,2024-08-07,4,187.1,0.1,673.56
S000776,INV00324,P005,2024-08-07,5,66.59,0.0,332.95
S000777,INV00325,P013,2024-12-20,5,499.96,0.05,2374.81
S000778,INV00325,P003,2024-12-20,2,508.77,0.0,1017.54
S000779,INV00325,P020,2024-12-20,3,501.47,0.1,1353.97
S000780,INV00325,P015,2024-12-20,5,151.86,0.05,721.34
S000781,INV00326,P019,2025-05-06,1,298.11,0.1,268.3
S000782,INV00327,P004,2025-03-25,4,296.13,0.0,1184.52
S000783,INV00327,P015,2025-03-25,4,151.86,0.1,546.7
S000784,INV00327,P005,2025-03-25,2,66.59,0.0,133.18
S000785,INV00327,P014,2025-03-25,1,365.65,0.05,347.37
S000786,INV00328,P005,2024-09-04,5,66.59,0.0,332.95
S000787,INV00329,P011,2024-09-01,5,292.74,0.05,1390.51
S000788,INV00329,P004,2024-09-01,3,296.13,0.0,888.39
S000789,INV00329,P015,2024-09-01,4,151.86,0.15,516.32
S000790,INV00329,P018,2024-09-01,4,588.71,0.0,2354.84
S000791,INV00330,P019,2024-12-21,3,298.11,0.1,804.9
S000792,INV00330,P017,2024-12-21,4,680.26,0.1,2448.94
S000793,INV00331,P007,2025-06-08,5,118.83,0.0,594.15
S000794,INV00331,P018,2025-06-08,4,588.71,0.15,2001.61
S000795,INV00332,P013,2024-01-12,5,499.96,0.15,2124.83
S000796,INV00332,P001,2024-01-12,2,564.89,0.05,1073.29
S000797,INV00332,P002,2024-01-12,5,348.25,0.1,1567.12
S000798,INV00332,P017,2024-01-12,5,680.26,0.05,3231.24
S000799,INV00333,P017,2025-01-09,1,680.26,0.1,612.23
S000800,INV00333,P012,2025-01-09,3,490.89,0.15,1251.77
S000801,INV00334,P011,2025-10-03,3,292.74,0.15,746.49
S000802,INV00335,P013,2024-01-06,4,499.96,0.0,1999.84
S000803,INV00336,P005,2024-07-08,1,66.59,0.1,59.93
S000804,INV00337,P014,2024-11-21,1,365.65,0.15,310.8
S000805,INV00337,P018,2024-11-21,2,588.71,0.0,1177.42
S000806,INV00337,P010,2024-11-21,4,358.33,0.0,1433.32
S000807,INV00337,P006,2024-11-21,2,187.1,0.0,374.2
S000808,INV00338,P005,2024-01-19,5,66.59,0.0,332.95
S000809,INV00338,P016,2024-01-19,1,135.67,0.05,128.89
S000810,INV00338,P017,2024-01-19,4,680.26,0.05,2584.99
S000811,INV00339,P002,2025-02-06,2,348.25,0.0,696.5
S000812,INV00339,P017,2025-02-06,1,680.26,0.1,612.23
S000813,INV00339,P005,2025-02-06,2,66.59,0.15,113.2
S000814,INV00340,P021,2024-07-08,1,285.53,0.1,256.98
S000815,INV00341,P005,2024-04-01,3,66.59,0.1,179.79
S000816,INV00342,P018,2024-11-28,1,588.71,0.1,529.84
S000817,INV00342,P010,2024-11-28,4,358.33,0.05,1361.65
S000818,INV00342,P014,2024-11-28,1,365.65,0.05,347.37
S000819,INV00342,P009,2024-11-28,5,555.19,0.0,2775.95
S000820,INV00343,P013,2025-05-20,4,499.96,0.05,1899.85
S000821,INV00343,P010,2025-05-20,5,358.33,0.1,1612.48
S000822,INV00343,P016,2025-05-20,5,135.67,0.15,576.6
S000823,INV00344,P016,2024-11-17,3,135.67,0.0,407.01
S000824,INV00345,P004,2024-05-01,3,296.13,0.1,799.55
S000825,INV00346,P003,2024-06-07,5,508.77,0.05,2416.66
S000826,INV00346,P018,2024-06-07,2,588.71,0.05,1118.55
S000827,INV00347,P011,2024-05-26,1,292.74,0.0,292.74
S000828,INV00347,P006,2024-05-26,3,187.1,0.05,533.23
S000829,INV00348,P001,2025-05-12,3,564.89,0.15,1440.47
S000830,INV00348,P019,2025-05-12,3,298.11,0.05,849.61
S000831,INV00348,P015,2025-05-12,5,151.86,0.05,721.34
S000832,INV00348,P011,2025-05-12,2,292.74,0.0,585.48
S000833,INV00349,P004,2024-02-08,4,296.13,0.0,1184.52
S000834,INV00350,P014,2025-05-10,4,365.65,0.0,1462.6
S000835,INV00350,P007,2025-05-10,2,118.83,0.0,237.66
S000836,INV00350,P006,2025-05-10,3,187.1,0.0,561.3
S000837,INV00351,P016,2024-06-22,4,135.67,0.05,515.55
S000838,INV00351,P019,2024-06-22,1,298.11,0.05,283.2
S000839,INV00351,P006,2024-06-22,5,187.1,0.15,795.17
S000840,INV00351,P017,2024-06-22,2,680.26,0.0,1360.52
S000841,INV00352,P013,2024-04-22,2,499.96,0.05,949.92
S000842,INV00352,P012,2024-04-22,3,490.89,0.0,1472.67
S000843,INV00352,P018,2024-04-22,3,588.71,0.1,1589.52
S000844,INV00352,P003,2024-04-22,1,508.77,0.0,508.77
S000845,INV00353,P005,2025-09-07,4,66.59,0.05,253.04
S000846,INV00353,P012,2025-09-07,2,490.89,0.0,981.78
S000847,INV00353,P011,2025-09-07,4,292.74,0.15,995.32
S000848,INV00353,P007,2025-09-07,4,118.83,0.05,451.55
S000849,INV00354,P013,2025-09-24,1,499.96,0.0,499.96
S000850,INV00355,P020,2025-04-26,5,501.47,0.0,2507.35
S000851,INV00356,P005,2024-09-26,5,66.59,0.05,316.3
S000852,INV00356,P018,2024-09-26,3,588.71,0.15,1501.21
S000853,INV00356,P014,2024-09-26,4,365.65,0.15,1243.21
S000854,INV00357,P011,2024-03-22,4,292.74,0.0,1170.96
S000855,INV00357,P019,2024-03-22,1,298.11,0.0,298.11
S000856,INV00357,P010,2024-03-22,1,358.33,0.0,358.33
S000857,INV00357,P021,2024-03-22,5,285.53,0.05,1356.27
S000858,INV00358,P003,2025-07-29,2,508.77,0.1,915.79
S000859,INV00358,P001,2025-07-29,3,564.89,0.15,1440.47
S000860,INV00359,P019,2025-03-06,4,298.11,0.05,1132.82
S000861,INV00359,P003,2025-03-06,5,508.77,0.0,2543.85
S000862,INV00359,P013,2025-03-06,4,499.96,0.1,1799.86
S000863,INV00359,P016,2025-03-06,5,135.67,0.0,678.35
S000864,INV00360,P001,2024-10-27,4,564.89,0.15,1920.63
S000865,INV00360,P012,2024-10-27,2,490.89,0.15,834.51
S000866,INV00360,P021,2024-10-27,3,285.53,0.1,770.93
S000867,INV00361,P002,2024-12-17,1,348.25,0.1,313.43
S000868,INV00362,P008,2024-10-29,5,24.11,0.0,120.55
S000869,INV00362,P010,2024-10-29,2,358.33,0.0,716.66
S000870,INV00362,P013,2024-10-29,4,499.96,0.05,1899.85
S000871,INV00362,P003,2024-10-29,2,508.77,0.0,1017.54
S000872,INV00363,P016,2025-05-08,5,135.67,0.1,610.51
S000873,INV00364,P001,2025-12-30,2,564.89,0.15,960.31
S000874,INV00365,P013,2025-07-05,1,499.96,0.15,424.97
S000875,INV00365,P011,2025-07-05,5,292.74,0.0,1463.7
S000876,INV00365,P019,2025-07-05,4,298.11,0.0,1192.44
S000877,INV00366,P015,2025-03-07,4,151.86,0.1,546.7
S000878,INV00367,P019,2025-07-16,1,298.11,0.15,253.39
S000879,INV00367,P002,2025-07-16,5,348.25,0.0,1741.25
S000880,INV00368,P009,2024-04-06,2,555.19,0.05,1054.86
S000881,INV00368,P005,2024-04-06,4,66.59,0.0,266.36
S000882,INV00368,P016,2024-04-06,5,135.67,0.1,610.51
S000883,INV00368,P004,2024-04-06,5,296.13,0.0,1480.65
S000884,INV00369,P021,2025-09-18,3,285.53,0.0,856.59
S000885,INV00369,P020,2025-09-18,1,501.47,0.1,451.32
S000886,INV00369,P003,2025-09-18,4,508.77,0.05,1933.33
S000887,INV00370,P011,2025-02-10,2,292.74,0.1,526.93
S000888,INV00370,P013,2025-02-10,5,499.96,0.1,2249.82
S000889,INV00371,P021,2025-09-12,2,285.53,0.0,571.06
S000890,INV00371,P004,2025-09-12,1,296.13,0.05,281.32
S000891,INV00372,P015,2025-09-15,1,151.86,0.15,129.08
S000892,INV00372,P002,2025-09-15,2,348.25,0.05,661.67
S000893,INV00373,P014,2024-01-29,4,365.65,0.0,1462.6
S000894,INV00373,P020,2024-01-29,5,501.47,0.05,2381.98
S000895,INV00373,P019,2024-01-29,2,298.11,0.15,506.79
S000896,INV00374,P003,2025-08-01,1,508.77,0.0,508.77
S000897,INV00374,P008,2025-08-01,4,24.11,0.15,81.97
S000898,INV00374,P017,2025-08-01,5,680.26,0.05,3231.24
S000899,INV00374,P021,2025-08-01,3,285.53,0.0,856.59
S000900,INV00375,P015,2025-08-15,4,151.86,0.0,607.44
S000901,INV00375,P018,2025-08-15,3,588.71,0.0,1766.13
S000902,INV00376,P009,2024-01-29,1,555.19,0.1,499.67
S000903,INV00377,P001,2025-07-09,3,564.89,0.15,1440.47
S000904,INV00377,P020,2025-07-09,4,501.47,0.1,1805.29
S000905,INV00377,P018,2025-07-09,1,588.71,0.05,559.27
S000906,INV00377,P007,2025-07-09,4,118.83,0.0,475.32
S000907,INV00378,P017,2024-06-22,3,680.26,0.1,1836.7
S000908,INV00378,P016,2024-06-22,2,135.67,0.15,230.64
S000909,INV00378,P011,2024-06-22,2,292.74,0.0,585.48
S000910,INV00379,P008,2024-11-08,3,24.11,0.1,65.1
S000911,INV00380,P018,2024-02-16,2,588.71,0.05,1118.55
S000912,INV00381,P020,2024-11-22,4,501.47,0.0,2005.88
S000913,INV00381,P006,2024-11-22,4,187.1,0.15,636.14
S000914,INV00381,P013,2024-11-22,2,499.96,0.0,999.92
S000915,INV00382,P013,2024-03-31,5,499.96,0.0,2499.8
S000916,INV00382,P005,2024-03-31,4,66.59,0.1,239.72
S000917,INV00383,P005,2025-04-11,3,66.59,0.1,179.79
S000918,INV00384,P020,2025-03-01,1,501.47,0.0,501.47
S000919,INV00384,P018,2025-03-01,3,588.71,0.0,1766.13
S000920,INV00384,P008,2025-03-01,2,24.11,0.0,48.22
S000921,INV00385,P017,2025-12-24,5,680.26,0.05,3231.24
S000922,INV00385,P019,2025-12-24,1,298.11,0.05,283.2
S000923,INV00385,P007,2025-12-24,4,118.83,0.0,475.32
S000924,INV00385,P011,2025-12-24,3,292.74,0.1,790.4
S000925,INV00386,P001,2024-07-08,3,564.89,0.15,1440.47
S000926,INV00386,P013,2024-07-08,1,499.96,0.1,449.96
S000927,INV00387,P006,2024-07-20,2,187.1,0.05,355.49
S000928,INV00387,P014,2024-07-20,2,365.65,0.15,621.6
S000929,INV00387,P021,2024-07-20,5,285.53,0.15,1213.5
S000930,INV00388,P017,2024-11-27,2,680.26,0.15,1156.44
S000931,INV00388,P001,2024-11-27,5,564.89,0.05,2683.23
S000932,INV00389,P012,2024-12-16,3,490.89,0.0,1472.67
S000933,INV00389,P010,2024-12-16,2,358.33,0.05,680.83
S000934,INV00389,P015,2024-12-16,3,151.86,0.15,387.24
S000935,INV00390,P004,2024-10-23,3,296.13,0.0,888.39
S000936,INV00390,P011,2024-10-23,5,292.74,0.1,1317.33
S000937,INV00390,P005,2024-10-23,3,66.59,0.0,199.77
S000938,INV00391,P010,2025-01-30,3,358.33,0.1,967.49
S000939,INV00391,P015,2025-01-30,2,151.86,0.1,273.35
S000940,INV00392,P018,2025-09-07,4,588.71,0.1,2119.36
S000941,INV00392,P004,2025-09-07,4,296.13,0.0,1184.52
S000942,INV00392,P013,2025-09-07,2,499.96,0.1,899.93
S000943,INV00392,P015,2025-09-07,5,151.86,0.15,645.41
S000944,INV00393,P014,2024-04-24,4,365.65,0.05,1389.47
S000945,INV00393,P009,2024-04-24,2,555.19,0.0,1110.38
S000946,INV00394,P004,2025-06-30,1,296.13,0.15,251.71
S000947,INV00394,P016,2025-06-30,1,135.67,0.0,135.67
S000948,INV00394,P008,2025-06-30,5,24.11,0.05,114.52
S000949,INV00394,P001,2025-06-30,3,564.89,0.1,1525.2
S000950,INV00395,P006,2025-01-04,5,187.1,0.1,841.95
S000951,INV00395,P020,2025-01-04,5,501.47,0.0,2507.35
S000952,INV00396,P011,2024-09-12,4,292.74,0.0,1170.96
S000953,INV00396,P006,2024-09-12,3,187.1,0.1,505.17
S000954,INV00397,P007,2025-05-12,2,118.83,0.0,237.66
S000955,INV00397,P012,2025-05-12,4,490.89,0.15,1669.03
S000956,INV00397,P020,2025-05-12,1,501.47,0.15,426.25
S000957,INV00397,P003,2025-05-12,5,508.77,0.0,2543.85
S000958,INV00398,P010,2025-12-25,2,358.33,0.1,644.99
S000959,INV00398,P021,2025-12-25,4,285.53,0.0,1142.12
S000960,INV00399,P013,2025-10-11,5,499.96,0.15,2124.83
S000961,INV00399,P010,2025-10-11,1,358.33,0.1,322.5
S000962,INV00399,P007,2025-10-11,5,118.83,0.05,564.44
S000963,INV00400,P001,2024-06-09,5,564.89,0.15,2400.78
S000964,INV00400,P009,2024-06-09,2,555.19,0.0,1110.38
S000965,INV00401,P008,2025-11-03,4,24.11,0.05,91.62
S000966,INV00401,P004,2025-11-03,1,296.13,0.0,296.13
S000967,INV00401,P016,2025-11-03,5,135.67,0.0,678.35
S000968,INV00401,P013,2025-11-03,4,499.96,0.05,1899.85
S000969,INV00402,P014,2025-04-28,2,365.65,0.15,621.6
S000970,INV00402,P019,2025-04-28,4,298.11,0.15,1013.57
S000971,INV00402,P005,2025-04-28,4,66.59,0.05,253.04
S000972,INV00402,P010,2025-04-28,1,358.33,0.0,358.33
S000973,INV00403,P016,2025-12-20,5,135.67,0.1,610.51
S000974,INV00403,P013,2025-12-20,4,499.96,0.1,1799.86
S000975,INV00403,P001,2025-12-20,3,564.89,0.0,1694.67
S000976,INV00404,P010,2025-11-16,5,358.33,0.05,1702.07
S000977,INV00405,P011,2024-04-26,3,292.74,0.0,878.22
S000978,INV00406,P013,2025-02-28,4,499.96,0.05,1899.85
S000979,INV00407,P002,2025-09-30,3,348.25,0.0,1044.75
S000980,INV00407,P009,2025-09-30,4,555.19,0.15,1887.65
S000981,INV00408,P004,2024-06-28,4,296.13,0.05,1125.29
S000982,INV00408,P007,2024-06-28,1,118.83,0.0,118.83
S000983,INV00409,P008,2025-09-16,2,24.11,0.0,48.22
S000984,INV00409,P014,2025-09-16,5,365.65,0.0,1828.25
S000985,INV00410,P014,2025-01-15,1,365.65,0.1,329.08
S000986,INV00410,P016,2025-01-15,3,135.67,0.1,366.31
S000987,INV00410,P005,2025-01-15,4,66.59,0.1,239.72
S000988,INV00411,P005,2024-06-20,5,66.59,0.1,299.66
S000989,INV00412,P009,2024-12-24,5,555.19,0.05,2637.15
S000990,INV00412,P019,2024-12-24,5,298.11,0.05,1416.02
S000991,INV00412,P013,2024-12-24,4,499.96,0.0,1999.84
S000992,INV00413,P001,2024-08-23,1,564.89,0.0,564.89
S000993,INV00413,P003,2024-08-23,4,508.77,0.05,1933.33
S000994,INV00413,P021,2024-08-23,2,285.53,0.1,513.95
S000995,INV00414,P004,2024-06-08,2,296.13,0.05,562.65
S000996,INV00415,P017,2024-04-26,3,680.26,0.15,1734.66
S000997,INV00415,P005,2024-04-26,3,66.59,0.0,199.77
S000998,INV00415,P011,2024-04-26,1,292.74,0.05,278.1
S000999,INV00415,P009,2024-04-26,4,555.19,0.05,2109.72
S001000,INV00416,P004,2025-10-24,5,296.13,0.0,1480.65
S001001,INV00416,P009,2025-10-24,3,555.19,0.15,1415.73
S001002,INV00417,P005,2025-01-02,5,66.59,0.05,316.3
S001003,INV00417,P007,2025-01-02,3,118.83,0.15,303.02
S001004,INV00418,P009,2025-10-30,3,555.19,0.0,1665.57
S001005,INV00418,P016,2025-10-30,1,135.67,0.15,115.32
S001006,INV00418,P004,2025-10-30,5,296.13,0.0,1480.65
S001007,INV00419,P016,2025-11-16,1,135.67,0.15,115.32
S001008,INV00419,P008,2025-11-16,1,24.11,0.05,22.9
S001009,INV00419,P018,2025-11-16,1,588.71,0.1,529.84
S001010,INV00419,P001,2025-11-16,5,564.89,0.1,2542.01
S001011,INV00420,P015,2025-10-03,1,151.86,0.15,129.08
S001012,INV00420,P005,2025-10-03,2,66.59,0.05,126.52
S001013,INV00420,P017,2025-10-03,3,680.26,0.1,1836.7
S001014,INV00421,P003,2025-07-04,1,508.77,0.15,432.45
S001015,INV00422,P003,2025-05-23,3,508.77,0.1,1373.68
S001016,INV00422,P011,2025-05-23,3,292.74,0.05,834.31
S001017,INV00422,P007,2025-05-23,1,118.83,0.1,106.95
S001018,INV00423,P010,2024-05-08,5,358.33,0.05,1702.07
S001019,INV00423,P008,2024-05-08,3,24.11,0.0,72.33
S001020,INV00424,P007,2024-01-29,2,118.83,0.0,237.66
S001021,INV00424,P011,2024-01-29,5,292.74,0.0,1463.7
S001022,INV00424,P016,2024-01-29,5,135.67,0.1,610.51
S001023,INV00425,P002,2024-03-05,3,348.25,0.0,1044.75
S001024,INV00425,P005,2024-03-05,3,66.59,0.05,189.78
S001025,INV00425,P003,2024-03-05,2,508.77,0.05,966.66
S001026,INV00426,P008,2024-08-13,1,24.11,0.15,20.49
S001027,INV00426,P010,2024-08-13,2,358.33,0.1,644.99
S001028,INV00426,P007,2024-08-13,4,118.83,0.15,404.02
S001029,INV00427,P001,2024-02-05,3,564.89,0.1,1525.2
S001030,INV00427,P020,2024-02-05,3,501.47,0.0,1504.41
S001031,INV00427,P011,2024-02-05,3,292.74,0.0,878.22
S001032,INV00428,P009,2025-06-16,4,555.19,0.0,2220.76
S001033,INV00428,P007,2025-06-16,4,118.83,0.1,427.79
S001034,INV00428,P018,2025-06-16,1,588.71,0.0,588.71
S001035,INV00429,P012,2024-09-08,5,490.89,0.0,2454.45
S001036,INV00430,P021,2025-04-13,1,285.53,0.0,285.53
S001037,INV00431,P021,2024-11-25,4,285.53,0.15,970.8
S001038,INV00432,P003,2024-09-02,1,508.77,0.0,508.77
S001039,INV00432,P002,2024-09-02,3,348.25,0.15,888.04
S001040,INV00433,P001,2024-11-19,2,564.89,0.0,1129.78
S001041,INV00434,P016,2024-08-27,4,135.67,0.1,488.41
S001042,INV00434,P015,2024-08-27,1,151.86,0.0,151.86
S001043,INV00435,P007,2024-04-11,5,118.83,0.0,594.15
S001044,INV00436,P015,2025-02-06,5,151.86,0.0,759.3
S001045,INV00437,P013,2025-08-10,5,499.96,0.05,2374.81
S001046,INV00437,P017,2025-08-10,3,680.26,0.0,2040.78
S001047,INV00437,P020,2025-08-10,5,501.47,0.1,2256.62
S001048,INV00438,P016,2024-07-06,2,135.67,0.15,230.64
S001049,INV00439,P018,2025-09-20,3,588.71,0.1,1589.52
S001050,INV00439,P014,2025-09-20,4,365.65,0.15,1243.21
S001051,INV00439,P020,2025-09-20,2,501.47,0.0,1002.94
S001052,INV00439,P012,2025-09-20,5,490.89,0.15,2086.28
S001053,INV00440,P017,2025-03-20,2,680.26,0.1,1224.47
S001054,INV00440,P011,2025-03-20,3,292.74,0.05,834.31
S001055,INV00440,P007,2025-03-20,5,118.83,0.0,594.15
S001056,INV00441,P018,2025-12-25,4,588.71,0.05,2237.1
S001057,INV00441,P006,2025-12-25,1,187.1,0.1,168.39
S001058,INV00442,P006,2024-01-28,3,187.1,0.15,477.1
S001059,INV00442,P020,2024-01-28,2,501.47,0.15,852.5
S001060,INV00442,P011,2024-01-28,2,292.74,0.0,585.48
S001061,INV00442,P004,2024-01-28,4,296.13,0.1,1066.07
S001062,INV00443,P006,2025-11-02,2,187.1,0.0,374.2
S001063,INV00443,P010,2025-11-02,2,358.33,0.0,716.66
S001064,INV00443,P017,2025-11-02,3,680.26,0.0,2040.78
S001065,INV00443,P002,2025-11-02,5,348.25,0.1,1567.12
S001066,INV00444,P010,2024-07-25,1,358.33,0.05,340.41
S001067,INV00445,P006,2025-05-01,5,187.1,0.0,935.5
S001068,INV00446,P014,2025-07-03,5,365.65,0.05,1736.84
S001069,INV00446,P017,2025-07-03,4,680.26,0.05,2584.99
S001070,INV00446,P003,2025-07-03,4,508.77,0.1,1831.57
S001071,INV00447,P017,2024-10-31,1,680.26,0.0,680.26
S001072,INV00447,P009,2024-10-31,5,555.19,0.0,2775.95
S001073,INV00448,P011,2025-03-11,5,292.74,0.15,1244.14
S001074,INV00449,P014,2025-05-13,2,365.65,0.0,731.3
S001075,INV00449,P005,2025-05-13,5,66.59,0.1,299.66
S001076,INV00449,P004,2025-05-13,5,296.13,0.1,1332.59
S001077,INV00450,P009,2024-05-24,3,555.19,0.0,1665.57
S001078,INV00451,P010,2025-12-16,4,358.33,0.05,1361.65
S001079,INV00452,P005,2025-01-12,1,66.59,0.0,66.59
S001080,INV00452,P014,2025-01-12,3,365.65,0.0,1096.95
S001081,INV00452,P020,2025-01-12,4,501.47,0.05,1905.59
S001082,INV00453,P017,2025-08-21,4,680.26,0.0,2721.04
S001083,INV00454,P009,2024-04-03,3,555.19,0.1,1499.01
S001084,INV00454,P001,2024-04-03,4,564.89,0.0,2259.56
S001085,INV00454,P003,2024-04-03,1,508.77,0.15,432.45
S001086,INV00454,P008,2024-04-03,5,24.11,0.0,120.55
S001087,INV00455,P003,2025-04-17,1,508.77,0.05,483.33
S001088,INV00455,P013,2025-04-17,5,499.96,0.1,2249.82
S001089,INV00455,P018,2025-04-17,2,588.71,0.05,1118.55
S001090,INV00456,P021,2024-02-03,5,285.53,0.0,1427.65
S001091,INV00456,P014,2024-02-03,4,365.65,0.0,1462.6
S001092,INV00456,P002,2024-02-03,5,348.25,0.05,1654.19
S001093,INV00456,P003,2024-02-03,2,508.77,0.0,1017.54
S001094,INV00457,P013,2024-11-21,3,499.96,0.1,1349.89
S001095,INV00458,P014,2024-04-07,4,365.65,0.1,1316.34
S001096,INV00459,P017,2024-02-10,3,680.26,0.0,2040.78
S001097,INV00460,P019,2025-03-17,2,298.11,0.0,596.22
S001098,INV00460,P004,2025-03-17,3,296.13,0.05,843.97
S001099,INV00460,P021,2025-03-17,3,285.53,0.1,770.93
S001100,INV00460,P015,2025-03-17,5,151.86,0.1,683.37
S001101,INV00461,P019,2024-09-24,5,298.11,0.0,1490.55
S001102,INV00461,P017,2024-09-24,4,680.26,0.05,2584.99
S001103,INV00462,P019,2025-09-04,2,298.11,0.15,506.79
S001104,INV00462,P010,2025-09-04,5,358.33,0.0,1791.65
S001105,INV00463,P003,2024-05-05,3,508.77,0.0,1526.31
S001106,INV00463,P014,2024-05-05,1,365.65,0.0,365.65
S001107,INV00463,P010,2024-05-05,3,358.33,0.05,1021.24
S001108,INV00464,P007,2024-03-04,1,118.83,0.0,118.83
S001109,INV00464,P015,2024-03-04,5,151.86,0.1,683.37
S001110,INV00465,P021,2025-02-20,3,285.53,0.1,770.93
S001111,INV00465,P005,2025-02-20,1,66.59,0.0,66.59
S001112,INV00466,P010,2025-06-17,3,358.33,0.15,913.74
S001113,INV00466,P018,2025-06-17,2,588.71,0.05,1118.55
S001114,INV00467,P001,2025-03-19,1,564.89,0.05,536.65
S001115,INV00467,P021,2025-03-19,3,285.53,0.05,813.76
S001116,INV00467,P002,2025-03-19,1,348.25,0.05,330.84
S001117,INV00468,P007,2025-12-11,2,118.83,0.1,213.89
S001118,INV00469,P006,2025-05-05,4,187.1,0.0,748.4
S001119,INV00469,P019,2025-05-05,2,298.11,0.0,596.22
S001120,INV00470,P016,2025-03-26,5,135.67,0.0,678.35
S001121,INV00470,P004,2025-03-26,1,296.13,0.15,251.71
S001122,INV00470,P017,2025-03-26,1,680.26,0.1,612.23
S001123,INV00471,P018,2025-12-19,4,588.71,0.1,2119.36
S001124,INV00472,P005,2025-06-24,2,66.59,0.05,126.52
S001125,INV00472,P009,2025-06-24,3,555.19,0.15,1415.73
S001126,INV00472,P020,2025-06-24,4,501.47,0.05,1905.59
S001127,INV00473,P014,2024-01-07,4,365.65,0.15,1243.21
S001128,INV00474,P007,2024-10-27,5,118.83,0.05,564.44
S001129,INV00475,P015,2024-02-12,3,151.86,0.1,410.02
S001130,INV00475,P009,2024-02-12,4,555.19,0.0,2220.76
S001131,INV00475,P006,2024-02-12,5,187.1,0.1,841.95
S001132,INV00476,P014,2025-12-10,2,365.65,0.05,694.73
S001133,INV00476,P019,2025-12-10,4,298.11,0.0,1192.44
S001134,INV00476,P002,2025-12-10,4,348.25,0.15,1184.05
S001135,INV00477,P005,2025-07-15,5,66.59,0.05,316.3
S001136,INV00477,P006,2025-07-15,1,187.1,0.0,187.1
S001137,INV00477,P009,2025-07-15,5,555.19,0.0,2775.95
S001138,INV00478,P004,2024-05-12,4,296.13,0.0,1184.52
S001139,INV00478,P008,2024-05-12,2,24.11,0.0,48.22
S001140,INV00478,P003,2024-05-12,4,508.77,0.15,1729.82
S001141,INV00479,P003,2024-11-13,2,508.77,0.0,1017.54
S001142,INV00479,P021,2024-11-13,5,285.53,0.0,1427.65
S001143,INV00479,P016,2024-11-13,4,135.67,0.15,461.28
S001144,INV00479,P009,2024-11-13,4,555.19,0.1,1998.68
S001145,INV00480,P001,2024-07-31,4,564.89,0.15,1920.63
S001146,INV00480,P020,2024-07-31,2,501.47,0.05,952.79
S001147,INV00480,P003,2024-07-31,5,508.77,0.0,2543.85
S001148,INV00481,P013,2025-01-12,2,499.96,0.0,999.92
S001149,INV00481,P020,2025-01-12,5,501.47,0.15,2131.25
S001150,INV00481,P004,2025-01-12,3,296.13,0.0,888.39
S001151,INV00482,P014,2025-07-08,1,365.65,0.15,310.8
S001152,INV00483,P016,2025-01-25,1,135.67,0.0,135.67
S001153,INV00484,P021,2025-09-01,4,285.53,0.1,1027.91
S001154,INV00485,P021,2025-03-26,3,285.53,0.0,856.59
S001155,INV00485,P010,2025-03-26,3,358.33,0.15,913.74
S001156,INV00485,P007,2025-03-26,2,118.83,0.15,202.01
S001157,INV00485,P020,2025-03-26,1,501.47,0.0,501.47
S001158,INV00486,P018,2025-05-06,2,588.71,0.05,1118.55
S001159,INV00486,P020,2025-05-06,5,501.47,0.0,2507.35
S001160,INV00486,P016,2025-05-06,2,135.67,0.0,271.34
S001161,INV00486,P019,2025-05-06,2,298.11,0.05,566.41
S001162,INV00487,P020,2025-03-23,1,501.47,0.0,501.47
S001163,INV00488,P001,2024-09-21,5,564.89,0.05,2683.23
S001164,INV00488,P002,2024-09-21,5,348.25,0.0,1741.25
S001165,INV00488,P010,2024-09-21,5,358.33,0.0,1791.65
S001166,INV00489,P005,2025-07-04,4,66.59,0.05,253.04
S001167,INV00489,P013,2025-07-04,3,499.96,0.0,1499.88
S001168,INV00490,P015,2024-09-07,4,151.86,0.1,546.7
S001169,INV00490,P014,2024-09-07,2,365.65,0.15,621.6
S001170,INV00490,P009,2024-09-07,4,555.19,0.15,1887.65
S001171,INV00490,P021,2024-09-07,5,285.53,0.0,1427.65
S001172,INV00491,P014,2024-06-12,5,365.65,0.0,1828.25
S001173,INV00491,P012,2024-06-12,2,490.89,0.15,834.51
S001174,INV00491,P020,2024-06-12,5,501.47,0.15,2131.25
S001175,INV00492,P009,2025-07-28,1,555.19,0.0,555.19
S001176,INV00492,P021,2025-07-28,1,285.53,0.15,242.7
S001177,INV00492,P016,2025-07-28,4,135.67,0.0,542.68
S001178,INV00492,P018,2025-07-28,4,588.71,0.1,2119.36
S001179,INV00493,P015,2024-10-29,2,151.86,0.1,273.35
S001180,INV00493,P012,2024-10-29,5,490.89,0.1,2209.01
S001181,INV00493,P020,2024-10-29,4,501.47,0.15,1705.0
S001182,INV00494,P010,2025-04-15,4,358.33,0.0,1433.32
S001183,INV00494,P011,2025-04-15,2,292.74,0.05,556.21
S001184,INV00494,P015,2025-04-15,2,151.86,0.0,303.72
S001185,INV00495,P004,2025-09-10,3,296.13,0.0,888.39
S001186,INV00496,P013,2025-01-13,4,499.96,0.1,1799.86
S001187,INV00496,P018,2025-01-13,3,588.71,0.0,1766.13
S001188,INV00496,P008,2025-01-13,1,24.11,0.15,20.49
S001189,INV00496,P007,2025-01-13,5,118.83,0.15,505.03
S001190,INV00497,P013,2024-10-02,1,499.96,0.15,424.97
S001191,INV00497,P012,2024-10-02,4,490.89,0.15,1669.03
S001192,INV00497,P006,2024-10-02,5,187.1,0.0,935.5
S001193,INV00498,P021,2024-03-14,2,285.53,0.05,542.51
S001194,INV00499,P012,2025-02-09,2,490.89,0.1,883.6
S001195,INV00499,P013,2025-02-09,4,499.96,0.1,1799.86
S001196,INV00500,P005,2024-03-31,1,66.59,0.1,59.93
S001197,INV00501,P011,2024-04-23,3,292.74,0.1,790.4
S001198,INV00502,P011,2024-06-05,4,292.74,0.1,1053.86
S001199,INV00503,P002,2024-07-09,5,348.25,0.05,1654.19
S001200,INV00503,P020,2024-07-09,2,501.47,0.05,952.79
S001201,INV00503,P017,2024-07-09,3,680.26,0.15,1734.66
S001202,INV00504,P019,2024-11-23,1,298.11,0.1,268.3
S001203,INV00504,P002,2024-11-23,1,348.25,0.1,313.43
S001204,INV00504,P005,2024-11-23,4,66.59,0.15,226.41
S001205,INV00505,P019,2024-08-01,3,298.11,0.0,894.33
S001206,INV00505,P003,2024-08-01,4,508.77,0.0,2035.08
S001207,INV00505,P012,2024-08-01,3,490.89,0.05,1399.04
S001208,INV00506,P001,2025-01-24,4,564.89,0.15,1920.63
S001209,INV00506,P015,2025-01-24,2,151.86,0.0,303.72
S001210,INV00507,P001,2025-08-20,1,564.89,0.15,480.16
S001211,INV00508,P001,2024-06-15,4,564.89,0.15,1920.63
S001212,INV00508,P012,2024-06-15,5,490.89,0.0,2454.45
S001213,INV00508,P005,2024-06-15,4,66.59,0.1,239.72
S001214,INV00509,P002,2024-01-28,3,348.25,0.1,940.27
S001215,INV00510,P017,2025-01-05,3,680.26,0.0,2040.78
S001216,INV00510,P001,2025-01-05,4,564.89,0.15,1920.63
S001217,INV00511,P004,2024-08-13,5,296.13,0.05,1406.62
S001218,INV00512,P007,2024-04-10,4,118.83,0.0,475.32
S001219,INV00512,P014,2024-04-10,2,365.65,0.0,731.3
S001220,INV00513,P020,2025-07-06,2,501.47,0.15,852.5
S001221,INV00513,P001,2025-07-06,4,564.89,0.0,2259.56
S001222,INV00513,P003,2025-07-06,4,508.77,0.1,1831.57
S001223,INV00513,P014,2025-07-06,4,365.65,0.0,1462.6
S001224,INV00514,P011,2025-04-17,4,292.74,0.1,1053.86
S001225,INV00515,P019,2025-02-28,2,298.11,0.15,506.79
S001226,INV00516,P004,2025-01-07,3,296.13,0.1,799.55
S001227,INV00517,P015,2024-01-08,3,151.86,0.15,387.24
S001228,INV00517,P003,2024-01-08,3,508.77,0.1,1373.68
S001229,INV00517,P002,2024-01-08,4,348.25,0.15,1184.05
S001230,INV00518,P014,2025-06-19,5,365.65,0.0,1828.25
S001231,INV00519,P002,2025-11-06,2,348.25,0.0,696.5
S001232,INV00519,P008,2025-11-06,2,24.11,0.0,48.22
S001233,INV00520,P015,2024-12-03,3,151.86,0.1,410.02
S001234,INV00520,P004,2024-12-03,1,296.13,0.1,266.52
S001235,INV00520,P006,2024-12-03,4,187.1,0.15,636.14
S001236,INV00520,P005,2024-12-03,5,66.59,0.1,299.66
S001237,INV00521,P016,2024-03-11,1,135.67,0.05,128.89
S001238,INV00521,P011,2024-03-11,1,292.74,0.15,248.83
S001239,INV00522,P005,2025-04-27,4,66.59,0.15,226.41
S001240,INV00522,P017,2025-04-27,3,680.26,0.0,2040.78
S001241,INV00522,P003,2025-04-27,1,508.77,0.15,432.45
S001242,INV00523,P002,2024-07-30,3,348.25,0.0,1044.75
S001243,INV00523,P019,2024-07-30,1,298.11,0.0,298.11
S001244,INV00524,P003,2025-10-11,5,508.77,0.0,2543.85
S001245,INV00525,P011,2024-03-01,5,292.74,0.0,1463.7
S001246,INV00525,P021,2024-03-01,1,285.53,0.1,256.98
S001247,INV00525,P016,2024-03-01,4,135.67,0.0,542.68
S001248,INV00526,P002,2025-06-14,3,348.25,0.0,1044.75
S001249,INV00526,P009,2025-06-14,4,555.19,0.0,2220.76
S001250,INV00527,P021,2025-09-09,1,285.53,0.0,285.53
S001251,INV00527,P018,2025-09-09,1,588.71,0.0,588.71
S001252,INV00527,P009,2025-09-09,5,555.19,0.1,2498.36
S001253,INV00528,P017,2025-02-12,2,680.26,0.1,1224.47
S001254,INV00528,P002,2025-02-12,1,348.25,0.05,330.84
S001255,INV00529,P008,2024-09-23,5,24.11,0.0,120.55
S001256,INV00530,P003,2024-01-28,2,508.77,0.0,1017.54
S001257,INV00531,P014,2024-08-28,5,365.65,0.0,1828.25
S001258,INV00531,P020,2024-08-28,1,501.47,0.05,476.4
S001259,INV00532,P014,2024-07-13,2,365.65,0.1,658.17
S001260,INV00532,P020,2024-07-13,5,501.47,0.15,2131.25
S001261,INV00532,P009,2024-07-13,4,555.19,0.1,1998.68
S001262,INV00533,P003,2024-07-25,3,508.77,0.05,1449.99
S001263,INV00534,P005,2024-01-05,5,66.59,0.15,283.01
S001264,INV00534,P018,2024-01-05,4,588.71,0.1,2119.36
S001265,INV00534,P007,2024-01-05,4,118.83,0.1,427.79
S001266,INV00535,P016,2025-12-18,2,135.67,0.15,230.64
S001267,INV00535,P008,2025-12-18,3,24.11,0.1,65.1
S001268,INV00535,P009,2025-12-18,3,555.19,0.0,1665.57
S001269,INV00536,P013,2024-10-10,4,499.96,0.0,1999.84
S001270,INV00536,P005,2024-10-10,2,66.59,0.1,119.86
S001271,INV00536,P014,2024-10-10,4,365.65,0.1,1316.34
S001272,INV00536,P012,2024-10-10,4,490.89,0.0,1963.56
S001273,INV00537,P009,2024-12-21,3,555.19,0.1,1499.01
S001274,INV00538,P012,2024-11-04,1,490.89,0.0,490.89
S001275,INV00538,P007,2024-11-04,1,118.83,0.15,101.01
S001276,INV00539,P016,2024-01-23,4,135.67,0.05,515.55
S001277,INV00539,P001,2024-01-23,5,564.89,0.0,2824.45
S001278,INV00539,P010,2024-01-23,2,358.33,0.0,716.66
S001279,INV00540,P005,2024-10-23,3,66.59,0.0,199.77
S001280,INV00540,P019,2024-10-23,1,298.11,0.05,283.2
S001281,INV00541,P009,2024-08-15,5,555.19,0.05,2637.15
S001282,INV00541,P010,2024-08-15,5,358.33,0.15,1522.9
S001283,INV00542,P002,2025-08-26,4,348.25,0.0,1393.0
S001284,INV00542,P011,2025-08-26,1,292.74,0.05,278.1
S001285,INV00542,P017,2025-08-26,1,680.26,0.0,680.26
S001286,INV00543,P006,2025-11-16,1,187.1,0.15,159.03
S001287,INV00543,P013,2025-11-16,1,499.96,0.0,499.96
S001288,INV00544,P016,2025-12-22,2,135.67,0.0,271.34
S001289,INV00544,P020,2025-12-22,5,501.47,0.05,2381.98
S001290,INV00544,P003,2025-12-22,1,508.77,0.1,457.89
S001291,INV00545,P017,2025-09-04,3,680.26,0.0,2040.78
S001292,INV00546,P002,2025-08-21,1,348.25,0.0,348.25
S001293,INV00547,P015,2025-07-02,4,151.86,0.0,607.44
S001294,INV00547,P016,2025-07-02,3,135.67,0.0,407.01
S001295,INV00548,P010,2024-09-28,5,358.33,0.1,1612.48
S001296,INV00548,P014,2024-09-28,1,365.65,0.0,365.65
S001297,INV00548,P019,2024-09-28,4,298.11,0.0,1192.44
S001298,INV00548,P020,2024-09-28,5,501.47,0.15,2131.25
S001299,INV00549,P018,2025-01-16,1,588.71,0.1,529.84
S001300,INV00549,P015,2025-01-16,3,151.86,0.15,387.24
S001301,INV00550,P020,2024-01-31,3,501.47,0.0,1504.41
S001302,INV00550,P015,2024-01-31,4,151.86,0.15,516.32
S001303,INV00550,P003,2024-01-31,3,508.77,0.1,1373.68
S001304,INV00550,P016,2024-01-31,4,135.67,0.15,461.28
S001305,INV00551,P006,2024-05-14,3,187.1,0.05,533.23
S001306,INV00551,P009,2024-05-14,1,555.19,0.15,471.91
S001307,INV00551,P012,2024-05-14,2,490.89,0.05,932.69
S001308,INV00552,P010,2025-02-14,4,358.33,0.05,1361.65
S001309,INV00552,P004,2025-02-14,5,296.13,0.15,1258.55
S001310,INV00553,P011,2025-04-11,4,292.74,0.1,1053.86
S001311,INV00553,P015,2025-04-11,5,151.86,0.1,683.37
S001312,INV00554,P020,2024-09-12,3,501.47,0.15,1278.75
S001313,INV00554,P009,2024-09-12,3,555.19,0.05,1582.29
S001314,INV00555,P005,2024-04-04,1,66.59,0.1,59.93
S001315,INV00555,P009,2024-04-04,3,555.19,0.15,1415.73
S001316,INV00555,P012,2024-04-04,2,490.89,0.0,981.78
S001317,INV00555,P007,2024-04-04,2,118.83,0.15,202.01
S001318,INV00556,P006,2025-05-06,5,187.1,0.0,935.5
S001319,INV00556,P005,2025-05-06,4,66.59,0.05,253.04
S001320,INV00556,P010,2025-05-06,4,358.33,0.1,1289.99
S001321,INV00556,P017,2025-05-06,1,680.26,0.0,680.26
S001322,INV00557,P003,2025-12-14,5,508.77,0.0,2543.85
S001323,INV00557,P012,2025-12-14,1,490.89,0.0,490.89
S001324,INV00558,P017,2024-01-16,2,680.26,0.0,1360.52
S001325,INV00558,P019,2024-01-16,1,298.11,0.0,298.11
S001326,INV00558,P011,2024-01-16,3,292.74,0.0,878.22
S001327,INV00559,P012,2024-06-03,3,490.89,0.15,1251.77
S001328,INV00559,P016,2024-06-03,3,135.67,0.05,386.66
S001329,INV00560,P003,2025-03-25,4,508.77,0.05,1933.33
S001330,INV00560,P014,2025-03-25,4,365.65,0.0,1462.6
S001331,INV00560,P007,2025-03-25,1,118.83,0.15,101.01
S001332,INV00561,P007,2024-12-07,3,118.83,0.05,338.67
S001333,INV00561,P009,2024-12-07,4,555.19,0.0,2220.76
S001334,INV00561,P012,2024-12-07,1,490.89,0.05,466.35
S001335,INV00561,P008,2024-12-07,5,24.11,0.0,120.55
S001336,INV00562,P004,2025-08-08,3,296.13,0.0,888.39
S001337,INV00562,P005,2025-08-08,4,66.59,0.0,266.36
S001338,INV00562,P001,2025-08-08,4,564.89,0.0,2259.56
S001339,INV00562,P016,2025-08-08,2,135.67,0.0,271.34
S001340,INV00563,P009,2025-05-02,1,555.19,0.1,499.67
S001341,INV00563,P002,2025-05-02,5,348.25,0.0,1741.25
S001342,INV00563,P016,2025-05-02,1,135.67,0.1,122.1
S001343,INV00564,P019,2024-09-18,4,298.11,0.1,1073.2
S001344,INV00565,P003,2025-12-25,2,508.77,0.05,966.66
S001345,INV00565,P001,2025-12-25,3,564.89,0.0,1694.67
S001346,INV00565,P021,2025-12-25,3,285.53,0.0,856.59
S001347,INV00566,P019,2024-01-04,1,298.11,0.0,298.11
S001348,INV00566,P006,2024-01-04,5,187.1,0.0,935.5
S001349,INV00566,P017,2024-01-04,2,680.26,0.1,1224.47
S001350,INV00566,P014,2024-01-04,4,365.65,0.0,1462.6
S001351,INV00567,P004,2024-01-09,2,296.13,0.05,562.65
S001352,INV00567,P010,2024-01-09,4,358.33,0.15,1218.32
S001353,INV00568,P019,2024-05-25,5,298.11,0.0,1490.55
S001354,INV00569,P019,2025-07-28,4,298.11,0.1,1073.2
S001355,INV00569,P016,2025-07-28,5,135.67,0.1,610.51
S001356,INV00569,P005,2025-07-28,4,66.59,0.0,266.36
S001357,INV00569,P004,2025-07-28,2,296.13,0.0,592.26
S001358,INV00570,P019,2024-09-17,2,298.11,0.0,596.22
S001359,INV00571,P001,2024-09-07,2,564.89,0.0,1129.78
S001360,INV00571,P021,2024-09-07,2,285.53,0.0,571.06
S001361,INV00572,P011,2025-07-15,3,292.74,0.05,834.31
S001362,INV00573,P004,2025-01-04,1,296.13,0.15,251.71
S001363,INV00573,P018,2025-01-04,4,588.71,0.05,2237.1
S001364,INV00574,P006,2024-02-01,2,187.1,0.0,374.2
S001365,INV00574,P018,2024-02-01,5,588.71,0.15,2502.02
S001366,INV00574,P007,2024-02-01,1,118.83,0.15,101.01
S001367,INV00575,P003,2024-06-16,3,508.77,0.15,1297.36
S001368,INV00575,P008,2024-06-16,3,24.11,0.05,68.71
S001369,INV00576,P001,2025-07-04,4,564.89,0.0,2259.56
S001370,INV00576,P006,2025-07-04,3,187.1,0.0,561.3
S001371,INV00576,P014,2025-07-04,4,365.65,0.0,1462.6
S001372,INV00576,P012,2025-07-04,3,490.89,0.15,1251.77
S001373,INV00577,P017,2025-07-07,4,680.26,0.1,2448.94
S001374,INV00577,P020,2025-07-07,2,501.47,0.0,1002.94
S001375,INV00578,P010,2025-09-13,3,358.33,0.0,1074.99
S001376,INV00578,P006,2025-09-13,5,187.1,0.15,795.17
S001377,INV00578,P021,2025-09-13,5,285.53,0.1,1284.88
S001378,INV00578,P014,2025-09-13,2,365.65,0.1,658.17
S001379,INV00579,P008,2024-10-15,1,24.11,0.0,24.11
S001380,INV00579,P019,2024-10-15,4,298.11,0.15,1013.57
S001381,INV00579,P006,2024-10-15,1,187.1,0.0,187.1
S001382,INV00579,P003,2024-10-15,3,508.77,0.0,1526.31
S001383,INV00580,P004,2024-05-01,5,296.13,0.1,1332.59
S001384,INV00581,P001,2025-08-14,1,564.89,0.05,536.65
S001385,INV00582,P012,2025-04-29,3,490.89,0.0,1472.67
S001386,INV00582,P002,2025-04-29,4,348.25,0.05,1323.35
S001387,INV00582,P014,2025-04-29,2,365.65,0.05,694.73
S001388,INV00583,P012,2024-10-09,4,490.89,0.1,1767.2
S001389,INV00583,P016,2024-10-09,1,135.67,0.0,135.67
S001390,INV00583,P005,2024-10-09,1,66.59,0.0,66.59
S001391,INV00584,P020,2025-01-02,3,501.47,0.1,1353.97
S001392,INV00584,P006,2025-01-02,5,187.1,0.05,888.72
S001393,INV00584,P011,2025-01-02,4,292.74,0.0,1170.96
S001394,INV00585,P002,2024-07-05,1,348.25,0.0,348.25
S001395,INV00585,P019,2024-07-05,2,298.11,0.0,596.22
S001396,INV00585,P010,2024-07-05,4,358.33,0.05,1361.65
S001397,INV00585,P015,2024-07-05,3,151.86,0.05,432.8
S001398,INV00586,P003,2025-04-19,3,508.77,0.05,1449.99
S001399,INV00587,P020,2024-06-11,5,501.47,0.15,2131.25
S001400,INV00588,P008,2024-05-20,2,24.11,0.05,45.81
S001401,INV00588,P019,2024-05-20,1,298.11,0.05,283.2
S001402,INV00588,P010,2024-05-20,4,358.33,0.05,1361.65
S001403,INV00588,P016,2024-05-20,3,135.67,0.15,345.96
S001404,INV00589,P011,2024-12-27,3,292.74,0.0,878.22
S001405,INV00589,P013,2024-12-27,1,499.96,0.0,499.96
S001406,INV00590,P012,2025-04-02,3,490.89,0.15,1251.77
S001407,INV00590,P008,2025-04-02,2,24.11,0.0,48.22
S001408,INV00590,P017,2025-04-02,2,680.26,0.0,1360.52
S001409,INV00591,P006,2024-10-11,1,187.1,0.05,177.74
S001410,INV00591,P004,2024-10-11,4,296.13,0.15,1006.84
S001411,INV00592,P016,2025-10-31,3,135.67,0.0,407.01
S001412,INV00592,P009,2025-10-31,2,555.19,0.0,1110.38
S001413,INV00592,P005,2025-10-31,1,66.59,0.1,59.93
S001414,INV00593,P014,2025-03-22,1,365.65,0.1,329.08
S001415,INV00593,P004,2025-03-22,3,296.13,0.15,755.13
S001416,INV00593,P003,2025-03-22,3,508.77,0.05,1449.99
S001417,INV00593,P009,2025-03-22,5,555.19,0.0,2775.95
S001418,INV00594,P014,2025-03-10,5,365.65,0.0,1828.25
S001419,INV00594,P018,2025-03-10,3,588.71,0.05,1677.82
S001420,INV00594,P013,2025-03-10,5,499.96,0.0,2499.8
S001421,INV00594,P007,2025-03-10,2,118.83,0.0,237.66
S001422,INV00595,P009,2025-12-15,2,555.19,0.0,1110.38
S001423,INV00595,P017,2025-12-15,3,680.26,0.1,1836.7
S001424,INV00595,P008,2025-12-15,2,24.11,0.0,48.22
S001425,INV00596,P002,2024-03-03,4,348.25,0.0,1393.0
S001426,INV00596,P010,2024-03-03,5,358.33,0.0,1791.65
S001427,INV00596,P014,2024-03-03,2,365.65,0.1,658.17
S001428,INV00597,P004,2025-04-06,5,296.13,0.0,1480.65
S001429,INV00597,P020,2025-04-06,3,501.47,0.05,1429.19
S001430,INV00597,P015,2025-04-06,2,151.86,0.1,273.35
S001431,INV00598,P002,2025-07-11,4,348.25,0.1,1253.7
S001432,INV00598,P015,2025-07-11,1,151.86,0.1,136.67
S001433,INV00598,P020,2025-07-11,2,501.47,0.0,1002.94
S001434,INV00599,P021,2024-05-20,2,285.53,0.1,513.95
S001435,INV00599,P003,2024-05-20,5,508.77,0.15,2162.27
S001436,INV00599,P004,2024-05-20,2,296.13,0.05,562.65
S001437,INV00600,P014,2025-04-17,4,365.65,0.0,1462.6
S001438,INV00600,P002,2025-04-17,2,348.25,0.1,626.85
S001439,INV00600,P012,2025-04-17,5,490.89,0.0,2454.45
S001440,INV00600,P016,2025-04-17,3,135.67,0.15,345.96
S001441,INV00601,P021,2025-12-19,1,285.53,0.0,285.53
S001442,INV00601,P011,2025-12-19,2,292.74,0.1,526.93
S001443,INV00601,P014,2025-12-19,4,365.65,0.0,1462.6
S001444,INV00602,P012,2024-09-10,1,490.89,0.0,490.89
S001445,INV00602,P016,2024-09-10,2,135.67,0.1,244.21
S001446,INV00602,P015,2024-09-10,2,151.86,0.0,303.72
S001447,INV00602,P008,2024-09-10,2,24.11,0.05,45.81
S001448,INV00603,P007,2025-10-24,3,118.83,0.05,338.67
S001449,INV00604,P008,2025-05-06,3,24.11,0.0,72.33
S001450,INV00604,P010,2025-05-06,2,358.33,0.0,716.66
S001451,INV00604,P014,2025-05-06,2,365.65,0.05,694.73
S001452,INV00605,P014,2025-05-10,4,365.65,0.15,1243.21
S001453,INV00605,P011,2025-05-10,4,292.74,0.15,995.32
S001454,INV00605,P002,2025-05-10,5,348.25,0.05,1654.19
S001455,INV00605,P017,2025-05-10,4,680.26,0.0,2721.04
S001456,INV00606,P016,2025-12-14,2,135.67,0.0,271.34
S001457,INV00607,P018,2025-11-23,4,588.71,0.15,2001.61
S001458,INV00607,P020,2025-11-23,2,501.47,0.1,902.65
S001459,INV00607,P010,2025-11-23,5,358.33,0.15,1522.9
S001460,INV00607,P014,2025-11-23,5,365.65,0.15,1554.01
S001461,INV00608,P002,2024-11-03,2,348.25,0.0,696.5
S001462,INV00608,P015,2024-11-03,4,151.86,0.0,607.44
S001463,INV00608,P018,2024-11-03,2,588.71,0.1,1059.68
S001464,INV00609,P004,2024-11-03,3,296.13,0.15,755.13
S001465,INV00609,P007,2024-11-03,1,118.83,0.0,118.83
S001466,INV00609,P005,2024-11-03,1,66.59,0.15,56.6
S001467,INV00610,P001,2025-05-16,3,564.89,0.1,1525.2
S001468,INV00610,P015,2025-05-16,1,151.86,0.15,129.08
S001469,INV00610,P021,2025-05-16,2,285.53,0.0,571.06
S001470,INV00611,P014,2025-03-12,5,365.65,0.15,1554.01
S001471,INV00611,P017,2025-03-12,5,680.26,0.05,3231.24
S001472,INV00611,P020,2025-03-12,4,501.47,0.15,1705.0
S001473,INV00611,P015,2025-03-12,2,151.86,0.0,303.72
S001474,INV00612,P008,2025-12-09,2,24.11,0.0,48.22
S001475,INV00612,P003,2025-12-09,1,508.77,0.1,457.89
S001476,INV00612,P006,2025-12-09,3,187.1,0.05,533.23
S001477,INV00613,P012,2025-01-28,5,490.89,0.0,2454.45
S001478,INV00613,P017,2025-01-28,4,680.26,0.0,2721.04
S001479,INV00613,P021,2025-01-28,5,285.53,0.15,1213.5
S001480,INV00614,P021,2025-07-07,2,285.53,0.0,571.06
S001481,INV00614,P014,2025-07-07,4,365.65,0.15,1243.21
S001482,INV00614,P013,2025-07-07,2,499.96,0.15,849.93
S001483,INV00614,P001,2025-07-07,4,564.89,0.0,2259.56
S001484,INV00615,P006,2024-02-12,4,187.1,0.15,636.14
S001485,INV00616,P018,2025-01-20,4,588.71,0.0,2354.84
S001486,INV00616,P019,2025-01-20,4,298.11,0.0,1192.44
S001487,INV00617,P006,2025-10-12,3,187.1,0.0,561.3
S001488,INV00617,P002,2025-10-12,5,348.25,0.15,1480.06
S001489,INV00617,P003,2025-10-12,3,508.77,0.0,1526.31
S001490,INV00617,P015,2025-10-12,2,151.86,0.1,273.35
S001491,INV00618,P010,2025-01-08,1,358.33,0.0,358.33
S001492,INV00618,P017,2025-01-08,3,680.26,0.0,2040.78
S001493,INV00618,P019,2025-01-08,3,298.11,0.0,894.33
S001494,INV00618,P008,2025-01-08,2,24.11,0.1,43.4
S001495,INV00619,P011,2024-06-02,5,292.74,0.1,1317.33
S001496,INV00619,P014,2024-06-02,2,365.65,0.15,621.6
S001497,INV00619,P004,2024-06-02,2,296.13,0.15,503.42
S001498,INV00620,P009,2024-03-13,3,555.19,0.05,1582.29
S001499,INV00620,P004,2024-03-13,2,296.13,0.15,503.42
S001500,INV00620,P018,2024-03-13,5,588.71,0.0,2943.55
S001501,INV00620,P019,2024-03-13,2,298.11,0.05,566.41
S001502,INV00621,P012,2024-10-06,5,490.89,0.0,2454.45
S001503,INV00621,P003,2024-10-06,1,508.77,0.0,508.77
S001504,INV00621,P007,2024-10-06,1,118.83,0.0,118.83
S001505,INV00621,P018,2024-10-06,2,588.71,0.0,1177.42
S001506,INV00622,P017,2024-01-12,2,680.26,0.0,1360.52
S001507,INV00622,P014,2024-01-12,3,365.65,0.0,1096.95
S001508,INV00622,P002,2024-01-12,4,348.25,0.0,1393.0
S001509,INV00623,P019,2025-08-14,5,298.11,0.1,1341.5
S001510,INV00623,P016,2025-08-14,4,135.67,0.1,488.41
S001511,INV00624,P015,2024-10-09,5,151.86,0.05,721.34
S001512,INV00624,P013,2024-10-09,4,499.96,0.15,1699.86
S001513,INV00625,P001,2024-09-02,5,564.89,0.0,2824.45
S001514,INV00625,P017,2024-09-02,4,680.26,0.0,2721.04
S001515,INV00625,P007,2024-09-02,2,118.83,0.0,237.66
S001516,INV00625,P016,2024-09-02,5,135.67,0.1,610.51
S001517,INV00626,P014,2025-02-15,5,365.65,0.05,1736.84
S001518,INV00626,P002,2025-02-15,5,348.25,0.05,1654.19
S001519,INV00626,P020,2025-02-15,2,501.47,0.05,952.79
S001520,INV00627,P020,2024-10-18,2,501.47,0.0,1002.94
S001521,INV00627,P013,2024-10-18,5,499.96,0.15,2124.83
S001522,INV00628,P009,2025-12-13,1,555.19,0.15,471.91
S001523,INV00628,P014,2025-12-13,3,365.65,0.0,1096.95
S001524,INV00629,P008,2024-06-19,3,24.11,0.0,72.33
S001525,INV00629,P012,2024-06-19,4,490.89,0.15,1669.03
S001526,INV00629,P003,2024-06-19,3,508.77,0.1,1373.68
S001527,INV00629,P009,2024-06-19,1,555.19,0.0,555.19
S001528,INV00630,P001,2024-02-29,5,564.89,0.0,2824.45
S001529,INV00630,P018,2024-02-29,4,588.71,0.0,2354.84
S001530,INV00630,P020,2024-02-29,5,501.47,0.15,2131.25
S001531,INV00631,P012,2025-03-04,3,490.89,0.1,1325.4
S001532,INV00632,P011,2024-09-05,1,292.74,0.0,292.74
S001533,INV00632,P013,2024-09-05,3,499.96,0.0,1499.88
S001534,INV00632,P004,2024-09-05,3,296.13,0.0,888.39
S001535,INV00633,P020,2024-01-05,5,501.47,0.05,2381.98
S001536,INV00633,P018,2024-01-05,2,588.71,0.1,1059.68
S001537,INV00633,P013,2024-01-05,2,499.96,0.0,999.92
S001538,INV00633,P019,2024-01-05,2,298.11,0.0,596.22
S001539,INV00634,P010,2025-02-15,3,358.33,0.0,1074.99
S001540,INV00634,P011,2025-02-15,3,292.74,0.0,878.22
S001541,INV00634,P007,2025-02-15,4,118.83,0.0,475.32
S001542,INV00635,P011,2024-09-30,4,292.74,0.05,1112.41
S001543,INV00635,P001,2024-09-30,1,564.89,0.0,564.89
S001544,INV00635,P019,2024-09-30,5,298.11,0.0,1490.55
S001545,INV00635,P020,2024-09-30,2,501.47,0.1,902.65
S001546,INV00636,P016,2025-01-31,2,135.67,0.0,271.34
S001547,INV00636,P002,2025-01-31,1,348.25,0.0,348.25
S001548,INV00636,P019,2025-01-31,2,298.11,0.05,566.41
S001549,INV00636,P015,2025-01-31,1,151.86,0.0,151.86
S001550,INV00637,P007,2024-03-17,5,118.83,0.0,594.15
S001551,INV00638,P017,2024-03-10,1,680.26,0.1,612.23
S001552,INV00639,P008,2024-09-23,3,24.11,0.1,65.1
S001553,INV00639,P021,2024-09-23,4,285.53,0.15,970.8
S001554,INV00639,P009,2024-09-23,1,555.19,0.05,527.43
S001555,INV00639,P017,2024-09-23,4,680.26,0.15,2312.88
S001556,INV00640,P006,2025-01-09,3,187.1,0.1,505.17
S001557,INV00640,P008,2025-01-09,1,24.11,0.0,24.11
S001558,INV00640,P018,2025-01-09,3,588.71,0.0,1766.13
S001559,INV00641,P004,2025-10-08,5,296.13,0.0,1480.65
S001560,INV00641,P016,2025-10-08,2,135.67,0.1,244.21
S001561,INV00641,P010,2025-10-08,2,358.33,0.15,609.16
S001562,INV00641,P001,2025-10-08,4,564.89,0.0,2259.56
S001563,INV00642,P014,2024-06-18,4,365.65,0.0,1462.6
S001564,INV00642,P002,2024-06-18,4,348.25,0.0,1393.0
S001565,INV00642,P008,2024-06-18,1,24.11,0.1,21.7
S001566,INV00642,P020,2024-06-18,1,501.47,0.1,451.32
S001567,INV00643,P020,2024-04-07,2,501.47,0.05,952.79
S001568,INV00643,P016,2024-04-07,5,135.67,0.0,678.35
S001569,INV00644,P020,2025-01-27,1,501.47,0.1,451.32
S001570,INV00644,P012,2025-01-27,5,490.89,0.0,2454.45
S001571,INV00644,P014,2025-01-27,4,365.65,0.0,1462.6
S001572,INV00645,P004,2024-11-26,3,296.13,0.0,888.39
S001573,INV00645,P003,2024-11-26,1,508.77,0.05,483.33
S001574,INV00645,P015,2024-11-26,4,151.86,0.1,546.7
S001575,INV00645,P019,2024-11-26,2,298.11,0.0,596.22
S001576,INV00646,P011,2025-06-15,2,292.74,0.15,497.66
S001577,INV00647,P006,2025-12-08,4,187.1,0.05,710.98
S001578,INV00648,P001,2024-05-25,5,564.89,0.0,2824.45
S001579,INV00648,P010,2024-05-25,3,358.33,0.05,1021.24
S001580,INV00648,P019,2024-05-25,2,298.11,0.1,536.6
S001581,INV00649,P012,2025-01-27,1,490.89,0.0,490.89
S001582,INV00649,P006,2025-01-27,4,187.1,0.0,748.4
S001583,INV00649,P010,2025-01-27,3,358.33,0.15,913.74
S001584,INV00650,P001,2024-07-14,2,564.89,0.0,1129.78
S001585,INV00651,P021,2025-10-17,5,285.53,0.0,1427.65
S001586,INV00651,P004,2025-10-17,5,296.13,0.1,1332.59
S001587,INV00652,P014,2024-02-21,5,365.65,0.05,1736.84
S001588,INV00652,P011,2024-02-21,3,292.74,0.05,834.31
S001589,INV00652,P004,2024-02-21,2,296.13,0.05,562.65
S001590,INV00652,P006,2024-02-21,2,187.1,0.1,336.78
S001591,INV00653,P003,2024-10-04,4,508.77,0.0,2035.08
S001592,INV00653,P017,2024-10-04,3,680.26,0.0,2040.78
S001593,INV00653,P005,2024-10-04,3,66.59,0.0,199.77
S001594,INV00654,P009,2025-10-10,5,555.19,0.0,2775.95
S001595,INV00654,P019,2025-10-10,4,298.11,0.15,1013.57
S001596,INV00654,P018,2025-10-10,3,588.71,0.0,1766.13
S001597,INV00654,P010,2025-10-10,2,358.33,0.0,716.66
S001598,INV00655,P013,2024-01-10,5,499.96,0.1,2249.82
S001599,INV00655,P011,2024-01-10,2,292.74,0.1,526.93
S001600,INV00655,P019,2024-01-10,4,298.11,0.0,1192.44
S001601,INV00656,P005,2024-03-25,1,66.59,0.0,66.59
S001602,INV00656,P009,2024-03-25,2,555.19,0.1,999.34
S001603,INV00656,P003,2024-03-25,3,508.77,0.0,1526.31
S001604,INV00656,P013,2024-03-25,4,499.96,0.05,1899.85
S001605,INV00657,P012,2024-05-16,5,490.89,0.15,2086.28
S001606,INV00657,P021,2024-05-16,3,285.53,0.1,770.93
S001607,INV00658,P010,2025-12-29,2,358.33,0.0,716.66
S001608,INV00659,P001,2025-06-05,2,564.89,0.0,1129.78
S001609,INV00659,P015,2025-06-05,3,151.86,0.05,432.8
S001610,INV00659,P014,2025-06-05,2,365.65,0.05,694.73
S001611,INV00660,P006,2025-06-20,1,187.1,0.0,187.1
S001612,INV00660,P011,2025-06-20,4,292.74,0.05,1112.41
S001613,INV00660,P016,2025-06-20,3,135.67,0.0,407.01
S001614,INV00660,P020,2025-06-20,3,501.47,0.1,1353.97
S001615,INV00661,P008,2024-06-04,2,24.11,0.0,48.22
S001616,INV00661,P006,2024-06-04,5,187.1,0.05,888.72
S001617,INV00661,P012,2024-06-04,2,490.89,0.0,981.78
S001618,INV00661,P015,2024-06-04,3,151.86,0.05,432.8
S001619,INV00662,P001,2025-01-21,4,564.89,0.0,2259.56
S001620,INV00662,P005,2025-01-21,2,66.59,0.0,133.18
S001621,INV00662,P019,2025-01-21,4,298.11,0.0,1192.44
S001622,INV00663,P020,2024-01-16,1,501.47,0.0,501.47
S001623,INV00663,P006,2024-01-16,1,187.1,0.15,159.03
S001624,INV00664,P002,2024-12-09,3,348.25,0.05,992.51
S001625,INV00665,P020,2025-01-24,4,501.47,0.1,1805.29
S001626,INV00665,P015,2025-01-24,1,151.86,0.05,144.27
S001627,INV00666,P011,2024-12-15,4,292.74,0.15,995.32
S001628,INV00666,P015,2024-12-15,2,151.86,0.1,273.35
S001629,INV00666,P002,2024-12-15,1,348.25,0.15,296.01
S001630,INV00667,P005,2024-05-01,3,66.59,0.1,179.79
S001631,INV00668,P005,2025-07-13,2,66.59,0.1,119.86
S001632,INV00669,P014,2024-04-04,2,365.65,0.1,658.17
S001633,INV00669,P019,2024-04-04,2,298.11,0.15,506.79
S001634,INV00670,P015,2024-07-26,1,151.86,0.0,151.86
S001635,INV00671,P017,2024-06-10,2,680.26,0.15,1156.44
S001636,INV00671,P006,2024-06-10,5,187.1,0.15,795.17
S001637,INV00671,P012,2024-06-10,1,490.89,0.0,490.89
S001638,INV00671,P001,2024-06-10,1,564.89,0.0,564.89
S001639,INV00672,P019,2025-04-28,4,298.11,0.0,1192.44
S001640,INV00672,P003,2025-04-28,5,508.77,0.1,2289.47
S001641,INV00672,P009,2025-04-28,1,555.19,0.0,555.19
S001642,INV00673,P006,2024-01-14,4,187.1,0.15,636.14
S001643,INV00674,P013,2024-01-19,5,499.96,0.1,2249.82
S001644,INV00675,P018,2025-10-24,2,588.71,0.1,1059.68
S001645,INV00676,P001,2024-01-27,5,564.89,0.0,2824.45
S001646,INV00676,P002,2024-01-27,5,348.25,0.1,1567.12
S001647,INV00676,P011,2024-01-27,4,292.74,0.0,1170.96
S001648,INV00676,P019,2024-01-27,1,298.11,0.0,298.11
S001649,INV00677,P009,2025-05-03,2,555.19,0.0,1110.38
S001650,INV00677,P019,2025-05-03,3,298.11,0.1,804.9
S001651,INV00678,P015,2024-11-28,1,151.86,0.15,129.08
S001652,INV00679,P014,2025-09-04,2,365.65,0.0,731.3
S001653,INV00679,P021,2025-09-04,4,285.53,0.0,1142.12
S001654,INV00679,P019,2025-09-04,4,298.11,0.05,1132.82
S001655,INV00680,P002,2024-12-22,5,348.25,0.0,1741.25
S001656,INV00680,P001,2024-12-22,2,564.89,0.1,1016.8
S001657,INV00681,P019,2024-02-16,3,298.11,0.05,849.61
S001658,INV00681,P006,2024-02-16,5,187.1,0.0,935.5
S001659,INV00681,P015,2024-02-16,3,151.86,0.0,455.58
S001660,INV00681,P021,2024-02-16,2,285.53,0.1,513.95
S001661,INV00682,P004,2025-07-22,4,296.13,0.1,1066.07
S001662,INV00682,P021,2025-07-22,5,285.53,0.05,1356.27
S001663,INV00683,P011,2024-09-25,4,292.74,0.15,995.32
S001664,INV00683,P021,2024-09-25,4,285.53,0.05,1085.01
S001665,INV00683,P010,2024-09-25,2,358.33,0.05,680.83
S001666,INV00684,P007,2025-01-14,5,118.83,0.1,534.74
S001667,INV00684,P015,2025-01-14,1,151.86,0.1,136.67
S001668,INV00684,P019,2025-01-14,5,298.11,0.1,1341.5
S001669,INV00684,P014,2025-01-14,3,365.65,0.0,1096.95
S001670,INV00685,P005,2024-01-24,2,66.59,0.05,126.52
S001671,INV00685,P008,2024-01-24,2,24.11,0.0,48.22
S001672,INV00685,P020,2024-01-24,4,501.47,0.15,1705.0
S001673,INV00686,P018,2025-12-25,3,588.71,0.0,1766.13
S001674,INV00686,P001,2025-12-25,1,564.89,0.1,508.4
S001675,INV00686,P013,2025-12-25,3,499.96,0.05,1424.89
S001676,INV00687,P021,2025-07-23,4,285.53,0.0,1142.12
S001677,INV00687,P005,2025-07-23,1,66.59,0.05,63.26
S001678,INV00688,P012,2024-07-06,2,490.89,0.1,883.6
S001679,INV00689,P004,2024-07-13,5,296.13,0.05,1406.62
S001680,INV00689,P017,2024-07-13,1,680.26,0.0,680.26
S001681,INV00690,P002,2024-01-01,3,348.25,0.05,992.51
S001682,INV00690,P006,2024-01-01,3,187.1,0.1,505.17
S001683,INV00691,P007,2025-01-30,3,118.83,0.15,303.02
S001684,INV00692,P007,2025-01-22,2,118.83,0.05,225.78
S001685,INV00693,P014,2025-04-09,3,365.65,0.0,1096.95
S001686,INV00693,P003,2025-04-09,2,508.77,0.0,1017.54
S001687,INV00693,P008,2025-04-09,4,24.11,0.0,96.44
S001688,INV00693,P006,2025-04-09,4,187.1,0.15,636.14
S001689,INV00694,P012,2025-04-29,4,490.89,0.0,1963.56
S001690,INV00695,P018,2024-06-12,5,588.71,0.0,2943.55
S001691,INV00695,P009,2024-06-12,2,555.19,0.1,999.34
S001692,INV00695,P014,2024-06-12,1,365.65,0.05,347.37
S001693,INV00695,P020,2024-06-12,5,501.47,0.0,2507.35
S001694,INV00696,P002,2025-10-11,5,348.25,0.15,1480.06
S001695,INV00696,P008,2025-10-11,2,24.11,0.1,43.4
S001696,INV00696,P001,2025-10-11,3,564.89,0.0,1694.67
S001697,INV00696,P006,2025-10-11,2,187.1,0.1,336.78
S001698,INV00697,P015,2025-11-21,5,151.86,0.05,721.34
S001699,INV00697,P003,2025-11-21,3,508.77,0.0,1526.31
S001700,INV00697,P017,2025-11-21,1,680.26,0.05,646.25
S001701,INV00697,P012,2025-11-21,2,490.89,0.1,883.6
S001702,INV00698,P020,2025-06-01,2,501.47,0.05,952.79
S001703,INV00698,P021,2025-06-01,5,285.53,0.1,1284.88
S001704,INV00698,P012,2025-06-01,2,490.89,0.15,834.51
S001705,INV00699,P008,2024-05-15,3,24.11,0.1,65.1
S001706,INV00699,P014,2024-05-15,2,365.65,0.1,658.17
S001707,INV00700,P021,2024-08-15,2,285.53,0.1,513.95
S001708,INV00700,P019,2024-08-15,1,298.11,0.05,283.2
S001709,INV00701,P005,2025-01-05,2,66.59,0.05,126.52
S001710,INV00701,P001,2025-01-05,4,564.89,0.15,1920.63
S001711,INV00702,P007,2024-08-17,2,118.83,0.1,213.89
S001712,INV00703,P016,2024-01-29,5,135.67,0.0,678.35
S001713,INV00703,P015,2024-01-29,5,151.86,0.05,721.34
S001714,INV00703,P009,2024-01-29,4,555.19,0.1,1998.68
S001715,INV00703,P002,2024-01-29,5,348.25,0.0,1741.25
S001716,INV00704,P001,2025-11-28,4,564.89,0.0,2259.56
S001717,INV00705,P006,2025-07-22,3,187.1,0.0,561.3
S001718,INV00706,P005,2025-08-02,4,66.59,0.05,253.04
S001719,INV00706,P008,2025-08-02,4,24.11,0.0,96.44
S001720,INV00707,P004,2024-10-07,4,296.13,0.15,1006.84
S001721,INV00707,P012,2024-10-07,5,490.89,0.0,2454.45
S001722,INV00708,P004,2024-12-31,3,296.13,0.0,888.39
S001723,INV00708,P007,2024-12-31,2,118.83,0.15,202.01
S001724,INV00708,P008,2024-12-31,5,24.11,0.0,120.55
S001725,INV00708,P013,2024-12-31,1,499.96,0.1,449.96
S001726,INV00709,P013,2025-11-10,5,499.96,0.05,2374.81
S001727,INV00709,P014,2025-11-10,1,365.65,0.15,310.8
S001728,INV00709,P009,2025-11-10,1,555.19,0.0,555.19
S001729,INV00710,P002,2025-08-03,1,348.25,0.1,313.43
S001730,INV00710,P012,2025-08-03,1,490.89,0.0,490.89
S001731,INV00711,P014,2024-06-16,5,365.65,0.0,1828.25
S001732,INV00712,P020,2024-04-08,3,501.47,0.15,1278.75
S001733,INV00712,P015,2024-04-08,2,151.86,0.05,288.53
S001734,INV00713,P015,2025-10-10,3,151.86,0.0,455.58
S001735,INV00713,P016,2025-10-10,3,135.67,0.0,407.01
S001736,INV00713,P017,2025-10-10,2,680.26,0.15,1156.44
S001737,INV00714,P004,2024-12-23,5,296.13,0.1,1332.59
S001738,INV00715,P015,2025-04-10,2,151.86,0.1,273.35
S001739,INV00715,P011,2025-04-10,4,292.74,0.15,995.32
S001740,INV00716,P011,2024-10-18,5,292.74,0.15,1244.14
S001741,INV00716,P015,2024-10-18,4,151.86,0.05,577.07
S001742,INV00716,P016,2024-10-18,5,135.67,0.0,678.35
S001743,INV00716,P005,2024-10-18,3,66.59,0.15,169.8
S001744,INV00717,P005,2024-04-08,4,66.59,0.15,226.41
S001745,INV00718,P017,2024-10-28,3,680.26,0.0,2040.78
S001746,INV00718,P005,2024-10-28,5,66.59,0.05,316.3
S001747,INV00718,P009,2024-10-28,4,555.19,0.0,2220.76
S001748,INV00719,P015,2024-06-25,2,151.86,0.0,303.72
S001749,INV00720,P009,2024-03-14,3,555.19,0.1,1499.01
S001750,INV00720,P006,2024-03-14,2,187.1,0.15,318.07
S001751,INV00721,P013,2025-06-17,4,499.96,0.0,1999.84
S001752,INV00722,P001,2025-07-21,1,564.89,0.0,564.89
S001753,INV00722,P011,2025-07-21,5,292.74,0.05,1390.51
S001754,INV00723,P015,2024-11-30,3,151.86,0.1,410.02
S001755,INV00723,P013,2024-11-30,5,499.96,0.0,2499.8
S001756,INV00723,P004,2024-11-30,2,296.13,0.1,533.03
S001757,INV00723,P005,2024-11-30,5,66.59,0.15,283.01
S001758,INV00724,P005,2025-02-18,4,66.59,0.05,253.04
S001759,INV00724,P004,2025-02-18,5,296.13,0.0,1480.65
S001760,INV00724,P013,2025-02-18,1,499.96,0.0,499.96
S001761,INV00724,P002,2025-02-18,1,348.25,0.05,330.84
S001762,INV00725,P002,2024-06-15,3,348.25,0.15,888.04
S001763,INV00725,P016,2024-06-15,4,135.67,0.15,461.28
S001764,INV00725,P010,2024-06-15,4,358.33,0.0,1433.32
S001765,INV00725,P018,2024-06-15,4,588.71,0.1,2119.36
S001766,INV00726,P019,2025-10-13,2,298.11,0.1,536.6
S001767,INV00726,P012,2025-10-13,1,490.89,0.0,490.89
S001768,INV00726,P010,2025-10-13,2,358.33,0.15,609.16
S001769,INV00726,P004,2025-10-13,5,296.13,0.05,1406.62
S001770,INV00727,P010,2024-11-26,2,358.33,0.1,644.99
S001771,INV00727,P014,2024-11-26,3,365.65,0.0,1096.95
S001772,INV00727,P004,2024-11-26,4,296.13,0.0,1184.52
S001773,INV00727,P020,2024-11-26,5,501.47,0.15,2131.25
S001774,INV00728,P014,2025-10-25,3,365.65,0.1,987.25
S001775,INV00728,P003,2025-10-25,2,508.77,0.0,1017.54
S001776,INV00728,P021,2025-10-25,2,285.53,0.0,571.06
S001777,INV00728,P019,2025-10-25,4,298.11,0.0,1192.44
S001778,INV00729,P008,2024-05-22,3,24.11,0.05,68.71
S001779,INV00730,P016,2025-11-07,3,135.67,0.0,407.01
S001780,INV00730,P004,2025-11-07,3,296.13,0.0,888.39
S001781,INV00730,P001,2025-11-07,1,564.89,0.05,536.65
S001782,INV00730,P018,2025-11-07,4,588.71,0.0,2354.84
S001783,INV00731,P020,2024-07-26,1,501.47,0.15,426.25
S001784,INV00731,P011,2024-07-26,5,292.74,0.0,1463.7
S001785,INV00731,P012,2024-07-26,3,490.89,0.05,1399.04
S001786,INV00731,P013,2024-07-26,2,499.96,0.05,949.92
S001787,INV00732,P006,2025-07-08,2,187.1,0.1,336.78
S001788,INV00733,P014,2024-06-11,3,365.65,0.15,932.41
S001789,INV00733,P017,2024-06-11,5,680.26,0.0,3401.3
S001790,INV00734,P021,2025-12-08,2,285.53,0.15,485.4
S001791,INV00734,P013,2025-12-08,2,499.96,0.15,849.93
S001792,INV00734,P012,2025-12-08,4,490.89,0.15,1669.03
S001793,INV00734,P005,2025-12-08,3,66.59,0.0,199.77
S001794,INV00735,P015,2025-04-01,5,151.86,0.15,645.41
S001795,INV00736,P005,2024-11-30,1,66.59,0.0,66.59
S001796,INV00736,P019,2024-11-30,5,298.11,0.15,1266.97
S001797,INV00737,P014,2024-09-27,4,365.65,0.05,1389.47
S001798,INV00737,P017,2024-09-27,1,680.26,0.15,578.22
S001799,INV00737,P007,2024-09-27,4,118.83,0.1,427.79
S001800,INV00738,P003,2024-04-29,2,508.77,0.15,864.91
S001801,INV00738,P009,2024-04-29,4,555.19,0.0,2220.76
S001802,INV00738,P017,2024-04-29,2,680.26,0.0,1360.52
S001803,INV00739,P020,2025-05-25,3,501.47,0.1,1353.97
S001804,INV00740,P001,2025-10-31,4,564.89,0.1,2033.6
S001805,INV00740,P020,2025-10-31,2,501.47,0.15,852.5
S001806,INV00740,P021,2025-10-31,1,285.53,0.0,285.53
S001807,INV00740,P003,2025-10-31,5,508.77,0.0,2543.85
S001808,INV00741,P002,2024-02-23,3,348.25,0.0,1044.75
S001809,INV00742,P012,2025-07-04,4,490.89,0.1,1767.2
S001810,INV00743,P015,2024-09-25,4,151.86,0.15,516.32
S001811,INV00743,P020,2024-09-25,5,501.47,0.0,2507.35
S001812,INV00743,P008,2024-09-25,4,24.11,0.1,86.8
S001813,INV00743,P019,2024-09-25,5,298.11,0.0,1490.55
S001814,INV00744,P014,2025-10-16,3,365.65,0.15,932.41
S001815,INV00744,P008,2025-10-16,4,24.11,0.1,86.8
S001816,INV00745,P011,2025-03-09,3,292.74,0.0,878.22
S001817,INV00746,P021,2025-06-20,4,285.53,0.15,970.8
S001818,INV00747,P001,2025-05-18,5,564.89,0.1,2542.01
S001819,INV00747,P006,2025-05-18,1,187.1,0.0,187.1
S001820,INV00747,P020,2025-05-18,5,501.47,0.0,2507.35
S001821,INV00747,P013,2025-05-18,3,499.96,0.05,1424.89
S001822,INV00748,P003,2025-04-09,5,508.77,0.0,2543.85
S001823,INV00748,P021,2025-04-09,2,285.53,0.0,571.06
S001824,INV00749,P019,2025-02-04,4,298.11,0.0,1192.44
S001825,INV00750,P017,2025-07-22,3,680.26,0.1,1836.7
S001826,INV00750,P009,2025-07-22,5,555.19,0.1,2498.36
S001827,INV00750,P016,2025-07-22,3,135.67,0.0,407.01
S001828,INV00750,P005,2025-07-22,1,66.59,0.0,66.59
S001829,INV00751,P008,2024-06-04,1,24.11,0.05,22.9
S001830,INV00751,P017,2024-06-04,3,680.26,0.1,1836.7
S001831,INV00752,P010,2025-02-07,1,358.33,0.0,358.33
S001832,INV00752,P014,2025-02-07,1,365.65,0.1,329.08
S001833,INV00752,P004,2025-02-07,5,296.13,0.05,1406.62
S001834,INV00752,P007,2025-02-07,5,118.83,0.1,534.74
S001835,INV00753,P008,2025-08-04,4,24.11,0.15,81.97
S001836,INV00753,P001,2025-08-04,3,564.89,0.05,1609.94
S001837,INV00753,P018,2025-08-04,3,588.71,0.0,1766.13
S001838,INV00753,P003,2025-08-04,2,508.77,0.05,966.66
S001839,INV00754,P020,2024-08-12,3,501.47,0.0,1504.41
S001840,INV00754,P010,2024-08-12,2,358.33,0.15,609.16
S001841,INV00754,P003,2024-08-12,3,508.77,0.0,1526.31
S001842,INV00754,P007,2024-08-12,4,118.83,0.05,451.55
S001843,INV00755,P003,2024-10-26,5,508.77,0.0,2543.85
S001844,INV00755,P012,2024-10-26,3,490.89,0.0,1472.67
S001845,INV00755,P010,2024-10-26,2,358.33,0.0,716.66
S001846,INV00756,P021,2025-02-17,4,285.53,0.0,1142.12
S001847,INV00756,P012,2025-02-17,3,490.89,0.0,1472.67
S001848,INV00757,P015,2025-01-29,3,151.86,0.05,432.8
S001849,INV00757,P018,2025-01-29,4,588.71,0.0,2354.84
S001850,INV00757,P021,2025-01-29,4,285.53,0.05,1085.01
S001851,INV00758,P020,2025-09-23,4,501.47,0.1,1805.29
S001852,INV00758,P015,2025-09-23,2,151.86,0.0,303.72
S001853,INV00758,P019,2025-09-23,1,298.11,0.0,298.11
S001854,INV00758,P013,2025-09-23,5,499.96,0.1,2249.82
S001855,INV00759,P014,2024-07-23,2,365.65,0.05,694.73
S001856,INV00759,P021,2024-07-23,3,285.53,0.1,770.93
S001857,INV00759,P013,2024-07-23,3,499.96,0.0,1499.88
S001858,INV00760,P005,2024-05-08,1,66.59,0.05,63.26
S001859,INV00761,P016,2025-07-27,1,135.67,0.0,135.67
S001860,INV00761,P009,2025-07-27,4,555.19,0.1,1998.68
S001861,INV00762,P003,2025-07-20,3,508.77,0.1,1373.68
S001862,INV00763,P020,2025-11-19,2,501.47,0.15,852.5
S001863,INV00763,P011,2025-11-19,2,292.74,0.15,497.66
S001864,INV00763,P006,2025-11-19,3,187.1,0.1,505.17
S001865,INV00763,P003,2025-11-19,4,508.77,0.05,1933.33
S001866,INV00764,P001,2025-02-26,3,564.89,0.1,1525.2
S001867,INV00764,P021,2025-02-26,2,285.53,0.0,571.06
S001868,INV00764,P008,2025-02-26,3,24.11,0.0,72.33
S001869,INV00765,P010,2024-07-25,5,358.33,0.15,1522.9
S001870,INV00765,P021,2024-07-25,1,285.53,0.0,285.53
S001871,INV00765,P016,2024-07-25,5,135.67,0.0,678.35
S001872,INV00766,P007,2025-07-16,4,118.83,0.0,475.32
S001873,INV00767,P004,2025-03-18,1,296.13,0.15,251.71
S001874,INV00768,P019,2025-08-03,3,298.11,0.05,849.61
S001875,INV00769,P021,2024-06-24,4,285.53,0.05,1085.01
S001876,INV00769,P007,2024-06-24,2,118.83,0.15,202.01
S001877,INV00769,P017,2024-06-24,3,680.26,0.0,2040.78
S001878,INV00770,P021,2024-06-27,3,285.53,0.0,856.59
S001879,INV00770,P015,2024-06-27,1,151.86,0.0,151.86
S001880,INV00771,P020,2024-07-12,5,501.47,0.15,2131.25
S001881,INV00771,P001,2024-07-12,1,564.89,0.1,508.4
S001882,INV00772,P002,2024-04-15,1,348.25,0.0,348.25
S001883,INV00772,P004,2024-04-15,2,296.13,0.15,503.42
S001884,INV00773,P014,2025-06-29,2,365.65,0.1,658.17
S001885,INV00773,P008,2025-06-29,3,24.11,0.1,65.1
S001886,INV00773,P015,2025-06-29,2,151.86,0.1,273.35
S001887,INV00773,P020,2025-06-29,5,501.47,0.0,2507.35
S001888,INV00774,P009,2025-10-17,5,555.19,0.0,2775.95
S001889,INV00774,P006,2025-10-17,2,187.1,0.05,355.49
S001890,INV00775,P017,2025-08-03,3,680.26,0.15,1734.66
S001891,INV00775,P018,2025-08-03,2,588.71,0.05,1118.55
S001892,INV00775,P019,2025-08-03,4,298.11,0.0,1192.44
S001893,INV00776,P012,2024-03-20,1,490.89,0.05,466.35
S001894,INV00776,P007,2024-03-20,5,118.83,0.05,564.44
S001895,INV00777,P012,2024-12-21,3,490.89,0.0,1472.67
S001896,INV00778,P013,2025-08-30,3,499.96,0.1,1349.89
S001897,INV00778,P002,2025-08-30,1,348.25,0.0,348.25
S001898,INV00778,P009,2025-08-30,2,555.19,0.0,1110.38
S001899,INV00779,P018,2024-06-11,1,588.71,0.1,529.84
S001900,INV00779,P004,2024-06-11,4,296.13,0.1,1066.07
S001901,INV00779,P005,2024-06-11,5,66.59,0.0,332.95
S001902,INV00780,P019,2025-09-02,4,298.11,0.0,1192.44
S001903,INV00781,P017,2025-05-11,5,680.26,0.15,2891.11
S001904,INV00781,P007,2025-05-11,2,118.83,0.05,225.78
S001905,INV00781,P001,2025-05-11,2,564.89,0.05,1073.29
S001906,INV00781,P014,2025-05-11,2,365.65,0.0,731.3
S001907,INV00782,P012,2025-06-28,1,490.89,0.0,490.89
S001908,INV00782,P001,2025-06-28,2,564.89,0.05,1073.29
S001909,INV00783,P006,2024-08-22,1,187.1,0.1,168.39
S001910,INV00783,P014,2024-08-22,2,365.65,0.0,731.3
S001911,INV00783,P003,2024-08-22,4,508.77,0.15,1729.82
S001912,INV00784,P005,2024-06-06,1,66.59,0.1,59.93
S001913,INV00784,P007,2024-06-06,3,118.83,0.0,356.49
S001914,INV00785,P018,2024-07-22,3,588.71,0.1,1589.52
S001915,INV00785,P019,2024-07-22,3,298.11,0.05,849.61
S001916,INV00786,P021,2024-01-28,1,285.53,0.0,285.53
S001917,INV00786,P013,2024-01-28,1,499.96,0.05,474.96
S001918,INV00787,P003,2025-07-21,2,508.77,0.1,915.79
S001919,INV00788,P002,2024-05-01,5,348.25,0.1,1567.12
S001920,INV00789,P004,2024-01-26,3,296.13,0.0,888.39
S001921,INV00789,P010,2024-01-26,2,358.33,0.0,716.66
S001922,INV00789,P005,2024-01-26,3,66.59,0.0,199.77
S001923,INV00790,P012,2024-04-11,1,490.89,0.1,441.8
S001924,INV00790,P003,2024-04-11,1,508.77,0.0,508.77
S001925,INV00791,P015,2025-07-29,2,151.86,0.0,303.72
S001926,INV00791,P001,2025-07-29,3,564.89,0.0,1694.67
S001927,INV00792,P015,2025-09-05,5,151.86,0.15,645.41
S001928,INV00792,P006,2025-09-05,5,187.1,0.1,841.95
S001929,INV00792,P016,2025-09-05,2,135.67,0.0,271.34
S001930,INV00793,P020,2025-01-23,4,501.47,0.05,1905.59
S001931,INV00793,P017,2025-01-23,4,680.26,0.0,2721.04
S001932,INV00793,P010,2025-01-23,1,358.33,0.1,322.5
S001933,INV00794,P017,2025-06-18,4,680.26,0.1,2448.94
S001934,INV00794,P016,2025-06-18,5,135.67,0.0,678.35
S001935,INV00794,P012,2025-06-18,4,490.89,0.1,1767.2
S001936,INV00795,P019,2025-07-30,2,298.11,0.0,596.22
S001937,INV00795,P003,2025-07-30,3,508.77,0.0,1526.31
S001938,INV00796,P004,2025-08-17,2,296.13,0.1,533.03
S001939,INV00796,P014,2025-08-17,3,365.65,0.0,1096.95
S001940,INV00797,P003,2025-08-06,3,508.77,0.1,1373.68
S001941,INV00797,P020,2025-08-06,3,501.47,0.1,1353.97
S001942,INV00797,P002,2025-08-06,1,348.25,0.1,313.43
S001943,INV00798,P007,2024-01-11,3,118.83,0.05,338.67
S001944,INV00799,P003,2024-04-24,2,508.77,0.1,915.79
S001945,INV00799,P015,2024-04-24,1,151.86,0.1,136.67
S001946,INV00800,P012,2024-05-08,3,490.89,0.0,1472.67
S001947,INV00800,P016,2024-05-08,3,135.67,0.05,386.66
S001948,INV00801,P021,2024-10-25,2,285.53,0.05,542.51
S001949,INV00801,P003,2024-10-25,4,508.77,0.0,2035.08
S001950,INV00801,P015,2024-10-25,1,151.86,0.1,136.67
S001951,INV00801,P006,2024-10-25,2,187.1,0.15,318.07
S001952,INV00802,P016,2025-01-16,2,135.67,0.0,271.34
S001953,INV00802,P010,2025-01-16,3,358.33,0.1,967.49
S001954,INV00802,P017,2025-01-16,4,680.26,0.1,2448.94
S001955,INV00802,P005,2025-01-16,4,66.59,0.15,226.41
S001956,INV00803,P012,2024-02-16,2,490.89,0.0,981.78
S001957,INV00803,P002,2024-02-16,3,348.25,0.1,940.27
S001958,INV00803,P021,2024-02-16,2,285.53,0.1,513.95
S001959,INV00804,P019,2024-09-16,3,298.11,0.0,894.33
S001960,INV00805,P021,2025-03-08,2,285.53,0.0,571.06
S001961,INV00806,P007,2025-03-17,5,118.83,0.0,594.15
S001962,INV00807,P012,2024-06-05,2,490.89,0.0,981.78
S001963,INV00807,P001,2024-06-05,5,564.89,0.05,2683.23
S001964,INV00807,P008,2024-06-05,3,24.11,0.05,68.71
S001965,INV00807,P016,2024-06-05,3,135.67,0.1,366.31
S001966,INV00808,P013,2025-12-15,4,499.96,0.0,1999.84
S001967,INV00808,P001,2025-12-15,5,564.89,0.15,2400.78
S001968,INV00808,P004,2025-12-15,4,296.13,0.0,1184.52
S001969,INV00808,P014,2025-12-15,1,365.65,0.0,365.65
S001970,INV00809,P017,2025-03-13,4,680.26,0.1,2448.94
S001971,INV00809,P006,2025-03-13,2,187.1,0.0,374.2
S001972,INV00809,P001,2025-03-13,1,564.89,0.0,564.89
S001973,INV00810,P002,2025-09-28,1,348.25,0.05,330.84
S001974,INV00811,P019,2025-11-23,5,298.11,0.0,1490.55
S001975,INV00811,P008,2025-11-23,2,24.11,0.05,45.81
S001976,INV00811,P017,2025-11-23,2,680.26,0.1,1224.47
S001977,INV00811,P002,2025-11-23,4,348.25,0.05,1323.35
S001978,INV00812,P015,2024-05-23,1,151.86,0.0,151.86
S001979,INV00812,P017,2024-05-23,2,680.26,0.1,1224.47
S001980,INV00812,P009,2024-05-23,3,555.19,0.1,1499.01
S001981,INV00812,P010,2024-05-23,3,358.33,0.0,1074.99
S001982,INV00813,P018,2025-07-01,1,588.71,0.0,588.71
S001983,INV00813,P007,2025-07-01,3,118.83,0.15,303.02
S001984,INV00813,P013,2025-07-01,4,499.96,0.15,1699.86
S001985,INV00814,P013,2025-09-22,3,499.96,0.0,1499.88
S001986,INV00815,P020,2024-02-20,2,501.47,0.05,952.79
S001987,INV00815,P010,2024-02-20,3,358.33,0.0,1074.99
S001988,INV00815,P014,2024-02-20,2,365.65,0.0,731.3
S001989,INV00815,P015,2024-02-20,1,151.86,0.05,144.27
S001990,INV00816,P014,2025-02-18,4,365.65,0.05,1389.47
S001991,INV00817,P004,2025-02-11,5,296.13,0.05,1406.62
S001992,INV00818,P003,2025-09-10,2,508.77,0.1,915.79
S001993,INV00819,P013,2025-01-24,3,499.96,0.05,1424.89
S001994,INV00819,P020,2025-01-24,5,501.47,0.1,2256.62
S001995,INV00820,P017,2025-08-29,2,680.26,0.0,1360.52
S001996,INV00821,P010,2024-11-09,4,358.33,0.1,1289.99
S001997,INV00821,P003,2024-11-09,4,508.77,0.15,1729.82
S001998,INV00822,P016,2025-08-02,4,135.67,0.1,488.41
S001999,INV00822,P019,2025-08-02,1,298.11,0.1,268.3
S002000,INV00822,P003,2025-08-02,3,508.77,0.15,1297.36
S002001,INV00823,P015,2024-10-13,3,151.86,0.05,432.8
S002002,INV00823,P007,2024-10-13,5,118.83,0.1,534.74
S002003,INV00823,P010,2024-10-13,2,358.33,0.05,680.83
S002004,INV00823,P006,2024-10-13,2,187.1,0.1,336.78
S002005,INV00824,P019,2024-12-03,3,298.11,0.0,894.33
S002006,INV00824,P002,2024-12-03,2,348.25,0.05,661.67
S002007,INV00825,P003,2024-02-02,4,508.77,0.0,2035.08
S002008,INV00826,P010,2024-03-06,2,358.33,0.05,680.83
S002009,INV00826,P021,2024-03-06,1,285.53,0.0,285.53
S002010,INV00827,P021,2025-11-09,1,285.53,0.0,285.53
S002011,INV00828,P007,2024-07-16,4,118.83,0.0,475.32
S002012,INV00828,P013,2024-07-16,2,499.96,0.1,899.93
S002013,INV00829,P003,2025-05-09,4,508.77,0.0,2035.08
S002014,INV00829,P018,2025-05-09,5,588.71,0.0,2943.55
S002015,INV00829,P008,2025-05-09,4,24.11,0.05,91.62
S002016,INV00830,P012,2024-01-11,2,490.89,0.05,932.69
S002017,INV00831,P020,2025-04-29,1,501.47,0.0,501.47
S002018,INV00831,P003,2025-04-29,5,508.77,0.05,2416.66
S002019,INV00832,P011,2024-10-02,3,292.74,0.0,878.22
S002020,INV00832,P020,2024-10-02,4,501.47,0.05,1905.59
S002021,INV00833,P001,2024-11-24,4,564.89,0.05,2146.58
S002022,INV00833,P007,2024-11-24,1,118.83,0.05,112.89
S002023,INV00833,P020,2024-11-24,3,501.47,0.15,1278.75
S002024,INV00833,P013,2024-11-24,1,499.96,0.0,499.96
S002025,INV00834,P017,2024-06-26,5,680.26,0.1,3061.17
S002026,INV00834,P008,2024-06-26,2,24.11,0.0,48.22
S002027,INV00834,P020,2024-06-26,4,501.47,0.0,2005.88
S002028,INV00834,P015,2024-06-26,2,151.86,0.0,303.72
S002029,INV00835,P001,2024-11-02,3,564.89,0.1,1525.2
S002030,INV00836,P001,2025-03-18,2,564.89,0.0,1129.78
S002031,INV00836,P020,2025-03-18,4,501.47,0.05,1905.59
S002032,INV00837,P003,2024-11-26,1,508.77,0.0,508.77
S002033,INV00838,P003,2024-02-05,3,508.77,0.0,1526.31
S002034,INV00838,P004,2024-02-05,2,296.13,0.15,503.42
S002035,INV00838,P014,2024-02-05,5,365.65,0.0,1828.25
S002036,INV00838,P009,2024-02-05,4,555.19,0.15,1887.65
S002037,INV00839,P006,2025-03-23,3,187.1,0.0,561.3
S002038,INV00839,P007,2025-03-23,2,118.83,0.0,237.66
S002039,INV00839,P014,2025-03-23,3,365.65,0.15,932.41
S002040,INV00839,P003,2025-03-23,5,508.77,0.15,2162.27
S002041,INV00840,P013,2024-11-27,3,499.96,0.1,1349.89
S002042,INV00840,P003,2024-11-27,5,508.77,0.0,2543.85
S002043,INV00841,P021,2025-07-04,1,285.53,0.0,285.53
S002044,INV00841,P011,2025-07-04,5,292.74,0.05,1390.51
S002045,INV00841,P008,2025-07-04,4,24.11,0.0,96.44
S002046,INV00841,P016,2025-07-04,4,135.67,0.05,515.55
S002047,INV00842,P010,2025-06-24,5,358.33,0.1,1612.48
S002048,INV00842,P004,2025-06-24,3,296.13,0.0,888.39
S002049,INV00843,P005,2025-04-02,1,66.59,0.15,56.6
S002050,INV00843,P021,2025-04-02,4,285.53,0.0,1142.12
S002051,INV00844,P019,2025-10-14,5,298.11,0.15,1266.97
S002052,INV00844,P017,2025-10-14,2,680.26,0.0,1360.52
S002053,INV00844,P018,2025-10-14,2,588.71,0.0,1177.42
S002054,INV00844,P001,2025-10-14,4,564.89,0.0,2259.56
S002055,INV00845,P002,2025-07-25,4,348.25,0.0,1393.0
S002056,INV00845,P013,2025-07-25,2,499.96,0.0,999.92
S002057,INV00845,P017,2025-07-25,2,680.26,0.0,1360.52
S002058,INV00845,P016,2025-07-25,2,135.67,0.1,244.21
S002059,INV00846,P013,2025-12-05,3,499.96,0.15,1274.9
S002060,INV00846,P004,2025-12-05,2,296.13,0.0,592.26
S002061,INV00847,P005,2025-05-30,2,66.59,0.05,126.52
S002062,INV00847,P017,2025-05-30,2,680.26,0.15,1156.44
S002063,INV00848,P018,2025-06-17,4,588.71,0.0,2354.84
S002064,INV00848,P009,2025-06-17,3,555.19,0.1,1499.01
S002065,INV00848,P005,2025-06-17,5,66.59,0.05,316.3
S002066,INV00849,P012,2025-11-04,1,490.89,0.0,490.89
S002067,INV00849,P001,2025-11-04,3,564.89,0.0,1694.67
S002068,INV00849,P021,2025-11-04,5,285.53,0.15,1213.5
S002069,INV00850,P004,2024-11-22,3,296.13,0.0,888.39
S002070,INV00850,P002,2024-11-22,1,348.25,0.1,313.43
S002071,INV00851,P019,2024-02-28,5,298.11,0.1,1341.5
S002072,INV00852,P003,2025-06-16,2,508.77,0.0,1017.54
S002073,INV00852,P002,2025-06-16,2,348.25,0.15,592.02
S002074,INV00852,P011,2025-06-16,3,292.74,0.05,834.31
S002075,INV00852,P013,2025-06-16,1,499.96,0.1,449.96
S002076,INV00853,P011,2025-04-14,4,292.74,0.0,1170.96
S002077,INV00853,P003,2025-04-14,2,508.77,0.15,864.91
S002078,INV00853,P006,2025-04-14,3,187.1,0.15,477.1
S002079,INV00854,P003,2024-04-14,4,508.77,0.15,1729.82
S002080,INV00854,P009,2024-04-14,3,555.19,0.1,1499.01
S002081,INV00855,P014,2024-02-07,3,365.65,0.0,1096.95
S002082,INV00856,P012,2024-11-03,3,490.89,0.1,1325.4
S002083,INV00856,P017,2024-11-03,2,680.26,0.0,1360.52
S002084,INV00857,P013,2024-05-26,1,499.96,0.0,499.96
S002085,INV00858,P016,2025-05-20,4,135.67,0.0,542.68
S002086,INV00858,P014,2025-05-20,2,365.65,0.1,658.17
S002087,INV00859,P010,2024-02-21,1,358.33,0.1,322.5
S002088,INV00860,P021,2024-10-25,1,285.53,0.0,285.53
S002089,INV00860,P015,2024-10-25,4,151.86,0.0,607.44
S002090,INV00860,P001,2024-10-25,5,564.89,0.05,2683.23
S002091,INV00860,P017,2024-10-25,3,680.26,0.15,1734.66
S002092,INV00861,P008,2024-06-07,1,24.11,0.0,24.11
S002093,INV00862,P015,2024-01-28,5,151.86,0.0,759.3
S002094,INV00862,P011,2024-01-28,5,292.74,0.0,1463.7
S002095,INV00863,P005,2025-09-09,1,66.59,0.1,59.93
S002096,INV00864,P021,2025-11-29,3,285.53,0.1,770.93
S002097,INV00864,P004,2025-11-29,3,296.13,0.1,799.55
S002098,INV00864,P014,2025-11-29,4,365.65,0.0,1462.6
S002099,INV00865,P015,2025-05-28,4,151.86,0.15,516.32
S002100,INV00865,P008,2025-05-28,3,24.11,0.15,61.48
S002101,INV00865,P007,2025-05-28,4,118.83,0.05,451.55
S002102,INV00866,P011,2024-02-18,1,292.74,0.0,292.74
S002103,INV00867,P010,2025-07-25,2,358.33,0.1,644.99
S002104,INV00868,P011,2025-11-14,3,292.74,0.05,834.31
S002105,INV00868,P004,2025-11-14,1,296.13,0.0,296.13
S002106,INV00868,P006,2025-11-14,3,187.1,0.0,561.3
S002107,INV00868,P019,2025-11-14,5,298.11,0.05,1416.02
S002108,INV00869,P021,2024-07-25,2,285.53,0.15,485.4
S002109,INV00869,P011,2024-07-25,2,292.74,0.0,585.48
S002110,INV00869,P006,2024-07-25,4,187.1,0.15,636.14
S002111,INV00870,P017,2024-01-27,3,680.26,0.0,2040.78
S002112,INV00871,P005,2024-04-24,5,66.59,0.0,332.95
S002113,INV00872,P004,2025-12-22,1,296.13,0.1,266.52
S002114,INV00873,P008,2024-08-23,4,24.11,0.1,86.8
S002115,INV00873,P011,2024-08-23,5,292.74,0.0,1463.7
S002116,INV00873,P018,2024-08-23,5,588.71,0.1,2649.2
S002117,INV00873,P020,2024-08-23,1,501.47,0.05,476.4
S002118,INV00874,P020,2025-03-16,5,501.47,0.05,2381.98
S002119,INV00874,P009,2025-03-16,3,555.19,0.1,1499.01
S002120,INV00875,P005,2024-03-19,4,66.59,0.1,239.72
S002121,INV00875,P010,2024-03-19,3,358.33,0.1,967.49
S002122,INV00876,P010,2025-05-20,4,358.33,0.0,1433.32
S002123,INV00877,P004,2024-07-01,5,296.13,0.15,1258.55
S002124,INV00877,P012,2024-07-01,3,490.89,0.0,1472.67
S002125,INV00878,P018,2025-09-17,3,588.71,0.15,1501.21
S002126,INV00879,P006,2024-03-01,2,187.1,0.05,355.49
S002127,INV00880,P006,2024-08-03,4,187.1,0.0,748.4
S002128,INV00881,P009,2024-03-05,1,555.19,0.05,527.43
S002129,INV00881,P011,2024-03-05,1,292.74,0.0,292.74
S002130,INV00882,P004,2025-11-30,1,296.13,0.0,296.13
S002131,INV00882,P003,2025-11-30,1,508.77,0.1,457.89
S002132,INV00882,P014,2025-11-30,2,365.65,0.0,731.3
S002133,INV00882,P005,2025-11-30,4,66.59,0.0,266.36
S002134,INV00883,P013,2024-04-12,5,499.96,0.05,2374.81
S002135,INV00883,P018,2024-04-12,3,588.71,0.0,1766.13
S002136,INV00884,P008,2024-01-17,1,24.11,0.0,24.11
S002137,INV00884,P009,2024-01-17,3,555.19,0.1,1499.01
S002138,INV00884,P006,2024-01-17,1,187.1,0.0,187.1
S002139,INV00885,P005,2025-06-05,1,66.59,0.0,66.59
S002140,INV00885,P017,2025-06-05,1,680.26,0.05,646.25
S002141,INV00885,P010,2025-06-05,5,358.33,0.1,1612.48
S002142,INV00885,P021,2025-06-05,5,285.53,0.0,1427.65
S002143,INV00886,P011,2025-11-22,1,292.74,0.15,248.83
S002144,INV00886,P005,2025-11-22,2,66.59,0.1,119.86
S002145,INV00887,P008,2024-05-22,1,24.11,0.05,22.9
S002146,INV00887,P004,2024-05-22,3,296.13,0.15,755.13
S002147,INV00887,P016,2024-05-22,2,135.67,0.0,271.34
S002148,INV00887,P012,2024-05-22,4,490.89,0.15,1669.03
S002149,INV00888,P003,2024-04-21,1,508.77,0.0,508.77
S002150,INV00888,P001,2024-04-21,3,564.89,0.15,1440.47
S002151,INV00889,P003,2025-11-25,1,508.77,0.0,508.77
S002152,INV00889,P015,2025-11-25,2,151.86,0.15,258.16
S002153,INV00889,P021,2025-11-25,3,285.53,0.1,770.93
S002154,INV00890,P013,2025-12-31,2,499.96,0.15,849.93
S002155,INV00890,P014,2025-12-31,4,365.65,0.0,1462.6
S002156,INV00890,P017,2025-12-31,1,680.26,0.15,578.22
S002157,INV00891,P010,2024-12-31,1,358.33,0.15,304.58
S002158,INV00892,P002,2024-11-16,2,348.25,0.1,626.85
S002159,INV00892,P009,2024-11-16,2,555.19,0.0,1110.38
S002160,INV00892,P021,2024-11-16,4,285.53,0.05,1085.01
S002161,INV00892,P010,2024-11-16,2,358.33,0.05,680.83
S002162,INV00893,P019,2025-12-06,3,298.11,0.0,894.33
S002163,INV00893,P017,2025-12-06,2,680.26,0.15,1156.44
S002164,INV00894,P009,2024-06-30,3,555.19,0.0,1665.57
S002165,INV00894,P003,2024-06-30,1,508.77,0.15,432.45
S002166,INV00894,P020,2024-06-30,5,501.47,0.15,2131.25
S002167,INV00895,P001,2025-09-18,1,564.89,0.05,536.65
S002168,INV00895,P002,2025-09-18,1,348.25,0.0,348.25
S002169,INV00896,P009,2025-09-12,1,555.19,0.0,555.19
S002170,INV00896,P005,2025-09-12,2,66.59,0.0,133.18
S002171,INV00897,P018,2024-04-02,3,588.71,0.15,1501.21
S002172,INV00897,P017,2024-04-02,3,680.26,0.05,1938.74
S002173,INV00897,P014,2024-04-02,1,365.65,0.15,310.8
S002174,INV00898,P013,2025-04-11,5,499.96,0.0,2499.8
S002175,INV00899,P006,2025-03-18,2,187.1,0.0,374.2
S002176,INV00900,P014,2024-01-04,3,365.65,0.1,987.25
S002177,INV00901,P008,2025-04-27,5,24.11,0.1,108.5
S002178,INV00901,P003,2025-04-27,4,508.77,0.15,1729.82
S002179,INV00902,P006,2025-03-28,5,187.1,0.15,795.17
S002180,INV00903,P002,2025-03-17,3,348.25,0.15,888.04
S002181,INV00903,P019,2025-03-17,3,298.11,0.0,894.33
S002182,INV00903,P011,2025-03-17,1,292.74,0.1,263.47
S002183,INV00903,P014,2025-03-17,5,365.65,0.0,1828.25
S002184,INV00904,P008,2024-10-16,4,24.11,0.0,96.44
S002185,INV00904,P019,2024-10-16,4,298.11,0.0,1192.44
S002186,INV00904,P002,2024-10-16,3,348.25,0.05,992.51
S002187,INV00905,P009,2025-04-25,4,555.19,0.05,2109.72
S002188,INV00905,P017,2025-04-25,2,680.26,0.1,1224.47
S002189,INV00906,P008,2025-03-13,5,24.11,0.1,108.5
S002190,INV00906,P005,2025-03-13,2,66.59,0.15,113.2
S002191,INV00907,P004,2024-05-20,2,296.13,0.0,592.26
S002192,INV00907,P006,2024-05-20,3,187.1,0.1,505.17
S002193,INV00907,P020,2024-05-20,1,501.47,0.1,451.32
S002194,INV00907,P001,2024-05-20,1,564.89,0.1,508.4
S002195,INV00908,P009,2025-07-30,4,555.19,0.1,1998.68
S002196,INV00908,P021,2025-07-30,1,285.53,0.0,285.53
S002197,INV00909,P019,2024-01-04,4,298.11,0.15,1013.57
S002198,INV00910,P021,2025-09-11,4,285.53,0.0,1142.12
S002199,INV00910,P008,2025-09-11,2,24.11,0.1,43.4
S002200,INV00910,P010,2025-09-11,4,358.33,0.15,1218.32
S002201,INV00910,P017,2025-09-11,4,680.26,0.0,2721.04
S002202,INV00911,P010,2024-12-10,5,358.33,0.0,1791.65
S002203,INV00911,P019,2024-12-10,5,298.11,0.1,1341.5
S002204,INV00911,P013,2024-12-10,3,499.96,0.0,1499.88
S002205,INV00912,P016,2024-01-10,2,135.67,0.05,257.77
S002206,INV00913,P008,2024-03-18,1,24.11,0.0,24.11
S002207,INV00913,P005,2024-03-18,3,66.59,0.05,189.78
S002208,INV00913,P012,2024-03-18,2,490.89,0.0,981.78
S002209,INV00913,P013,2024-03-18,3,499.96,0.15,1274.9
S002210,INV00914,P002,2024-08-29,5,348.25,0.15,1480.06
S002211,INV00915,P018,2024-05-27,4,588.71,0.15,2001.61
S002212,INV00916,P008,2025-11-29,5,24.11,0.0,120.55
S002213,INV00916,P007,2025-11-29,4,118.83,0.05,451.55
S002214,INV00916,P009,2025-11-29,4,555.19,0.1,1998.68
S002215,INV00917,P011,2024-01-08,3,292.74,0.1,790.4
S002216,INV00917,P020,2024-01-08,5,501.47,0.1,2256.62
S002217,INV00918,P001,2025-03-30,4,564.89,0.05,2146.58
S002218,INV00918,P021,2025-03-30,2,285.53,0.15,485.4
S002219,INV00918,P015,2025-03-30,5,151.86,0.0,759.3
S002220,INV00919,P008,2024-08-11,4,24.11,0.15,81.97
S002221,INV00919,P009,2024-08-11,3,555.19,0.0,1665.57
S002222,INV00920,P013,2024-04-23,3,499.96,0.1,1349.89
S002223,INV00920,P001,2024-04-23,1,564.89,0.1,508.4
S002224,INV00920,P020,2024-04-23,4,501.47,0.05,1905.59
S002225,INV00920,P014,2024-04-23,3,365.65,0.0,1096.95
S002226,INV00921,P015,2024-07-18,5,151.86,0.0,759.3
S002227,INV00921,P013,2024-07-18,3,499.96,0.1,1349.89
S002228,INV00922,P001,2025-04-21,4,564.89,0.0,2259.56
S002229,INV00923,P016,2025-05-12,2,135.67,0.0,271.34
S002230,INV00924,P003,2025-02-11,5,508.77,0.1,2289.47
S002231,INV00925,P012,2025-03-29,5,490.89,0.1,2209.01
S002232,INV00926,P016,2024-09-12,1,135.67,0.0,135.67
S002233,INV00926,P021,2024-09-12,5,285.53,0.0,1427.65
S002234,INV00926,P002,2024-09-12,3,348.25,0.15,888.04
S002235,INV00926,P003,2024-09-12,4,508.77,0.1,1831.57
S002236,INV00927,P014,2024-09-01,3,365.65,0.0,1096.95
S002237,INV00927,P007,2024-09-01,2,118.83,0.0,237.66
S002238,INV00928,P016,2024-09-17,4,135.67,0.05,515.55
S002239,INV00928,P001,2024-09-17,2,564.89,0.05,1073.29
S002240,INV00929,P012,2024-10-16,3,490.89,0.1,1325.4
S002241,INV00929,P004,2024-10-16,1,296.13,0.05,281.32
S002242,INV00930,P021,2025-12-25,4,285.53,0.1,1027.91
S002243,INV00930,P016,2025-12-25,1,135.67,0.15,115.32
S002244,INV00930,P011,2025-12-25,2,292.74,0.15,497.66
S002245,INV00931,P003,2024-08-15,1,508.77,0.15,432.45
S002246,INV00932,P014,2025-10-22,5,365.65,0.05,1736.84
S002247,INV00933,P011,2025-01-27,2,292.74,0.1,526.93
S002248,INV00934,P021,2024-08-28,4,285.53,0.05,1085.01
S002249,INV00934,P020,2024-08-28,1,501.47,0.1,451.32
S002250,INV00935,P001,2025-09-05,3,564.89,0.15,1440.47
S002251,INV00935,P018,2025-09-05,4,588.71,0.15,2001.61
S002252,INV00935,P009,2025-09-05,1,555.19,0.05,527.43
S002253,INV00936,P021,2024-03-08,2,285.53,0.0,571.06
S002254,INV00936,P006,2024-03-08,1,187.1,0.1,168.39
S002255,INV00937,P012,2024-05-03,3,490.89,0.0,1472.67
S002256,INV00938,P002,2025-04-22,5,348.25,0.0,1741.25
S002257,INV00939,P011,2025-08-29,4,292.74,0.1,1053.86
S002258,INV00940,P015,2024-08-09,1,151.86,0.0,151.86
S002259,INV00940,P001,2024-08-09,2,564.89,0.05,1073.29
S002260,INV00940,P019,2024-08-09,5,298.11,0.1,1341.5
S002261,INV00941,P006,2025-07-17,3,187.1,0.15,477.1
S002262,INV00941,P017,2025-07-17,2,680.26,0.0,1360.52
S002263,INV00941,P012,2025-07-17,2,490.89,0.0,981.78
S002264,INV00941,P002,2025-07-17,3,348.25,0.0,1044.75
S002265,INV00942,P007,2024-07-30,1,118.83,0.05,112.89
S002266,INV00942,P009,2024-07-30,2,555.19,0.0,1110.38
S002267,INV00943,P020,2024-08-08,4,501.47,0.0,2005.88
S002268,INV00944,P007,2024-07-11,4,118.83,0.05,451.55
S002269,INV00945,P007,2024-01-06,2,118.83,0.15,202.01
S002270,INV00945,P018,2024-01-06,4,588.71,0.0,2354.84
S002271,INV00945,P003,2024-01-06,1,508.77,0.0,508.77
S002272,INV00946,P004,2024-08-01,2,296.13,0.05,562.65
S002273,INV00947,P001,2025-07-31,3,564.89,0.05,1609.94
S002274,INV00947,P014,2025-07-31,1,365.65,0.0,365.65
S002275,INV00947,P003,2025-07-31,4,508.77,0.15,1729.82
S002276,INV00947,P020,2025-07-31,5,501.47,0.15,2131.25
S002277,INV00948,P004,2025-08-30,1,296.13,0.05,281.32
S002278,INV00948,P018,2025-08-30,4,588.71,0.05,2237.1
S002279,INV00948,P021,2025-08-30,2,285.53,0.05,542.51
S002280,INV00948,P005,2025-08-30,4,66.59,0.05,253.04
S002281,INV00949,P014,2024-02-05,2,365.65,0.0,731.3
S002282,INV00949,P002,2024-02-05,3,348.25,0.0,1044.75
S002283,INV00949,P013,2024-02-05,1,499.96,0.15,424.97
S002284,INV00950,P009,2024-09-16,5,555.19,0.1,2498.36
S002285,INV00950,P008,2024-09-16,4,24.11,0.15,81.97
S002286,INV00950,P002,2024-09-16,4,348.25,0.0,1393.0
S002287,INV00950,P015,2024-09-16,3,151.86,0.05,432.8
S002288,INV00951,P008,2025-01-08,5,24.11,0.0,120.55
S002289,INV00951,P016,2025-01-08,1,135.67,0.05,128.89
S002290,INV00951,P002,2025-01-08,1,348.25,0.1,313.43
S002291,INV00951,P005,2025-01-08,2,66.59,0.05,126.52
S002292,INV00952,P005,2024-11-08,4,66.59,0.05,253.04
S002293,INV00952,P014,2024-11-08,4,365.65,0.15,1243.21
S002294,INV00952,P013,2024-11-08,4,499.96,0.1,1799.86
S002295,INV00952,P021,2024-11-08,1,285.53,0.05,271.25
S002296,INV00953,P018,2025-07-11,4,588.71,0.15,2001.61
S002297,INV00953,P006,2025-07-11,1,187.1,0.0,187.1
S002298,INV00953,P017,2025-07-11,3,680.26,0.0,2040.78
S002299,INV00954,P005,2025-07-11,4,66.59,0.15,226.41
S002300,INV00954,P007,2025-07-11,1,118.83,0.15,101.01
S002301,INV00955,P004,2025-10-27,1,296.13,0.15,251.71
S002302,INV00955,P014,2025-10-27,2,365.65,0.05,694.73
S002303,INV00956,P009,2025-09-03,3,555.19,0.0,1665.57
S002304,INV00956,P016,2025-09-03,2,135.67,0.05,257.77
S002305,INV00957,P010,2025-09-14,2,358.33,0.0,716.66
S002306,INV00957,P008,2025-09-14,1,24.11,0.1,21.7
S002307,INV00958,P009,2024-06-19,1,555.19,0.0,555.19
S002308,INV00958,P021,2024-06-19,5,285.53,0.0,1427.65
S002309,INV00958,P015,2024-06-19,5,151.86,0.0,759.3
S002310,INV00958,P020,2024-06-19,3,501.47,0.05,1429.19
S002311,INV00959,P009,2025-09-10,2,555.19,0.05,1054.86
S002312,INV00959,P002,2025-09-10,5,348.25,0.15,1480.06
S002313,INV00959,P010,2025-09-10,5,358.33,0.0,1791.65
S002314,INV00959,P014,2025-09-10,2,365.65,0.05,694.73
S002315,INV00960,P003,2024-04-08,1,508.77,0.0,508.77
S002316,INV00960,P009,2024-04-08,1,555.19,0.05,527.43
S002317,INV00960,P005,2024-04-08,3,66.59,0.1,179.79
S002318,INV00961,P018,2025-02-22,2,588.71,0.0,1177.42
S002319,INV00962,P011,2025-08-14,2,292.74,0.0,585.48
S002320,INV00962,P005,2025-08-14,1,66.59,0.05,63.26
S002321,INV00962,P007,2025-08-14,2,118.83,0.0,237.66
S002322,INV00963,P004,2025-02-10,3,296.13,0.1,799.55
S002323,INV00963,P014,2025-02-10,4,365.65,0.15,1243.21
S002324,INV00964,P021,2025-07-14,5,285.53,0.0,1427.65
S002325,INV00965,P008,2024-09-19,2,24.11,0.05,45.81
S002326,INV00965,P006,2024-09-19,5,187.1,0.1,841.95
S002327,INV00966,P018,2024-04-01,3,588.71,0.15,1501.21
S002328,INV00966,P015,2024-04-01,1,151.86,0.1,136.67
S002329,INV00966,P010,2024-04-01,4,358.33,0.05,1361.65
S002330,INV00967,P021,2024-11-14,4,285.53,0.0,1142.12
S002331,INV00968,P014,2025-10-13,1,365.65,0.05,347.37
S002332,INV00968,P008,2025-10-13,4,24.11,0.05,91.62
S002333,INV00968,P011,2025-10-13,4,292.74,0.15,995.32
S002334,INV00968,P006,2025-10-13,1,187.1,0.15,159.03
S002335,INV00969,P003,2025-04-09,5,508.77,0.15,2162.27
S002336,INV00969,P005,2025-04-09,3,66.59,0.05,189.78
S002337,INV00969,P019,2025-04-09,3,298.11,0.05,849.61
S002338,INV00970,P012,2025-03-20,3,490.89,0.15,1251.77
S002339,INV00970,P016,2025-03-20,3,135.67,0.0,407.01
S002340,INV00970,P013,2025-03-20,2,499.96,0.0,999.92
S002341,INV00970,P020,2025-03-20,2,501.47,0.0,1002.94
S002342,INV00971,P004,2024-07-14,4,296.13,0.15,1006.84
S002343,INV00971,P015,2024-07-14,5,151.86,0.05,721.34
S002344,INV00971,P001,2024-07-14,4,564.89,0.0,2259.56
S002345,INV00971,P003,2024-07-14,5,508.77,0.0,2543.85
S002346,INV00972,P013,2025-02-25,3,499.96,0.05,1424.89
S002347,INV00972,P020,2025-02-25,1,501.47,0.1,451.32
S002348,INV00973,P004,2024-01-03,3,296.13,0.15,755.13
S002349,INV00973,P006,2024-01-03,2,187.1,0.0,374.2
S002350,INV00973,P011,2024-01-03,2,292.74,0.15,497.66
S002351,INV00974,P015,2024-08-09,5,151.86,0.15,645.41
S002352,INV00974,P011,2024-08-09,1,292.74,0.0,292.74
S002353,INV00974,P018,2024-08-09,1,588.71,0.15,500.4
S002354,INV00975,P010,2024-09-28,5,358.33,0.15,1522.9
S002355,INV00975,P020,2024-09-28,4,501.47,0.1,1805.29
S002356,INV00975,P004,2024-09-28,1,296.13,0.0,296.13
S002357,INV00975,P008,2024-09-28,3,24.11,0.1,65.1
S002358,INV00976,P008,2025-08-02,3,24.11,0.0,72.33
S002359,INV00977,P019,2024-12-19,2,298.11,0.0,596.22
S002360,INV00977,P018,2024-12-19,2,588.71,0.1,1059.68
S002361,INV00977,P004,2024-12-19,5,296.13,0.1,1332.59
S002362,INV00978,P006,2024-07-25,5,187.1,0.1,841.95
S002363,INV00978,P005,2024-07-25,3,66.59,0.15,169.8
S002364,INV00978,P013,2024-07-25,5,499.96,0.1,2249.82
S002365,INV00978,P020,2024-07-25,5,501.47,0.0,2507.35
S002366,INV00979,P001,2025-07-17,5,564.89,0.1,2542.01
S002367,INV00979,P019,2025-07-17,3,298.11,0.1,804.9
S002368,INV00979,P004,2025-07-17,2,296.13,0.05,562.65
S002369,INV00980,P009,2024-10-30,1,555.19,0.1,499.67
S002370,INV00980,P004,2024-10-30,1,296.13,0.0,296.13
S002371,INV00980,P002,2024-10-30,4,348.25,0.0,1393.0
S002372,INV00980,P019,2024-10-30,3,298.11,0.05,849.61
S002373,INV00981,P009,2024-12-17,5,555.19,0.1,2498.36
S002374,INV00981,P016,2024-12-17,1,135.67,0.0,135.67
S002375,INV00982,P021,2024-10-17,4,285.53,0.0,1142.12
S002376,INV00982,P005,2024-10-17,4,66.59,0.0,266.36
S002377,INV00982,P004,2024-10-17,3,296.13,0.05,843.97
S002378,INV00983,P012,2025-07-19,3,490.89,0.05,1399.04
S002379,INV00983,P002,2025-07-19,4,348.25,0.15,1184.05
S002380,INV00983,P016,2025-07-19,1,135.67,0.0,135.67
S002381,INV00983,P006,2025-07-19,2,187.1,0.15,318.07
S002382,INV00984,P020,2025-02-09,5,501.47,0.0,2507.35
S002383,INV00985,P006,2025-08-14,4,187.1,0.15,636.14
S002384,INV00985,P012,2025-08-14,5,490.89,0.0,2454.45
S002385,INV00985,P010,2025-08-14,2,358.33,0.15,609.16
S002386,INV00986,P009,2025-04-24,2,555.19,0.1,999.34
S002387,INV00986,P010,2025-04-24,1,358.33,0.0,358.33
S002388,INV00986,P017,2025-04-24,4,680.26,0.15,2312.88
S002389,INV00986,P013,2025-04-24,3,499.96,0.05,1424.89
S002390,INV00987,P021,2025-05-14,4,285.53,0.0,1142.12
S002391,INV00988,P017,2025-12-22,3,680.26,0.15,1734.66
S002392,INV00988,P008,2025-12-22,2,24.11,0.0,48.22
S002393,INV00989,P008,2025-10-01,4,24.11,0.15,81.97
S002394,INV00989,P011,2025-10-01,5,292.74,0.1,1317.33
S002395,INV00989,P003,2025-10-01,3,508.77,0.0,1526.31
S002396,INV00989,P013,2025-10-01,5,499.96,0.0,2499.8
S002397,INV00990,P009,2024-05-12,3,555.19,0.1,1499.01
S002398,INV00990,P020,2024-05-12,3,501.47,0.05,1429.19
S002399,INV00990,P001,2024-05-12,5,564.89,0.05,2683.23
S002400,INV00991,P018,2024-06-22,4,588.71,0.0,2354.84
S002401,INV00991,P013,2024-06-22,5,499.96,0.0,2499.8
S002402,INV00992,P002,2024-01-31,5,348.25,0.15,1480.06
S002403,INV00992,P009,2024-01-31,3,555.19,0.15,1415.73
S002404,INV00992,P015,2024-01-31,2,151.86,0.1,273.35
S002405,INV00993,P001,2024-12-29,3,564.89,0.1,1525.2
S002406,INV00993,P006,2024-12-29,2,187.1,0.05,355.49
S002407,INV00994,P021,2025-09-24,3,285.53,0.1,770.93
S002408,INV00994,P003,2025-09-24,1,508.77,0.0,508.77
S002409,INV00994,P016,2025-09-24,4,135.67,0.05,515.55
S002410,INV00995,P003,2025-03-31,4,508.77,0.1,1831.57
S002411,INV00995,P014,2025-03-31,5,365.65,0.0,1828.25
S002412,INV00995,P004,2025-03-31,1,296.13,0.1,266.52
S002413,INV00995,P001,2025-03-31,3,564.89,0.15,1440.47
S002414,INV00996,P011,2024-12-31,5,292.74,0.05,1390.51
S002415,INV00996,P014,2024-12-31,5,365.65,0.15,1554.01
S002416,INV00997,P010,2025-08-28,3,358.33,0.05,1021.24
S002417,INV00997,P006,2025-08-28,1,187.1,0.0,187.1
S002418,INV00997,P021,2025-08-28,4,285.53,0.0,1142.12
S002419,INV00998,P001,2024-10-16,1,564.89,0.0,564.89
S002420,INV00998,P003,2024-10-16,4,508.77,0.1,1831.57
S002421,INV00998,P017,2024-10-16,1,680.26,0.0,680.26
S002422,INV00998,P021,2024-10-16,3,285.53,0.05,813.76
S002423,INV00999,P018,2025-05-10,4,588.71,0.0,2354.84
S002424,INV00999,P010,2025-05-10,1,358.33,0.05,340.41
S002425,INV00999,P009,2025-05-10,4,555.19,0.1,1998.68
S002426,INV00999,P008,2025-05-10,1,24.11,0.0,24.11
S002427,INV01000,P010,2025-10-11,5,358.33,0.1,1612.48
S002428,INV01001,P012,2025-07-21,2,490.89,0.1,883.6
S002429,INV01001,P011,2025-07-21,5,292.74,0.15,1244.14
S002430,INV01002,P013,2024-01-22,4,499.96,0.05,1899.85
S002431,INV01002,P008,2024-01-22,1,24.11,0.05,22.9
S002432,INV01002,P014,2024-01-22,5,365.65,0.15,1554.01
S002433,INV01003,P001,2025-09-02,2,564.89,0.0,1129.78
S002434,INV01003,P004,2025-09-02,5,296.13,0.1,1332.59
S002435,INV01004,P020,2025-06-10,5,501.47,0.1,2256.62
S002436,INV01004,P014,2025-06-10,1,365.65,0.15,310.8
S002437,INV01005,P005,2025-04-09,1,66.59,0.1,59.93
S002438,INV01005,P010,2025-04-09,2,358.33,0.0,716.66
S002439,INV01005,P011,2025-04-09,3,292.74,0.0,878.22
S002440,INV01006,P016,2025-07-20,3,135.67,0.1,366.31
S002441,INV01006,P008,2025-07-20,4,24.11,0.05,91.62
S002442,INV01006,P010,2025-07-20,2,358.33,0.15,609.16
S002443,INV01006,P002,2025-07-20,2,348.25,0.15,592.02
S002444,INV01007,P020,2024-01-23,2,501.47,0.15,852.5
S002445,INV01008,P017,2024-07-17,3,680.26,0.0,2040.78
S002446,INV01008,P002,2024-07-17,1,348.25,0.05,330.84
S002447,INV01008,P008,2024-07-17,3,24.11,0.05,68.71
S002448,INV01008,P003,2024-07-17,3,508.77,0.0,1526.31
S002449,INV01009,P016,2025-11-14,1,135.67,0.1,122.1
S002450,INV01009,P012,2025-11-14,4,490.89,0.0,1963.56
S002451,INV01010,P020,2025-05-30,1,501.47,0.0,501.47
S002452,INV01010,P021,2025-05-30,1,285.53,0.05,271.25
S002453,INV01011,P009,2025-05-19,1,555.19,0.0,555.19
S002454,INV01011,P012,2025-05-19,1,490.89,0.1,441.8
S002455,INV01011,P018,2025-05-19,4,588.71,0.0,2354.84
S002456,INV01011,P001,2025-05-19,1,564.89,0.0,564.89
S002457,INV01012,P013,2024-07-03,2,499.96,0.1,899.93
S002458,INV01012,P008,2024-07-03,5,24.11,0.1,108.5
S002459,INV01012,P003,2024-07-03,4,508.77,0.0,2035.08
S002460,INV01012,P006,2024-07-03,1,187.1,0.1,168.39
S002461,INV01013,P016,2024-11-03,3,135.67,0.15,345.96
S002462,INV01014,P009,2024-04-08,4,555.19,0.15,1887.65
S002463,INV01014,P011,2024-04-08,2,292.74,0.0,585.48
S002464,INV01015,P015,2024-01-25,4,151.86,0.15,516.32
S002465,INV01016,P002,2025-03-29,2,348.25,0.0,696.5
S002466,INV01016,P005,2025-03-29,4,66.59,0.15,226.41
S002467,INV01016,P011,2025-03-29,1,292.74,0.0,292.74
S002468,INV01016,P021,2025-03-29,5,285.53,0.15,1213.5
S002469,INV01017,P008,2025-01-15,4,24.11,0.0,96.44
S002470,INV01018,P020,2024-05-27,4,501.47,0.05,1905.59
S002471,INV01018,P008,2024-05-27,1,24.11,0.15,20.49
S002472,INV01018,P015,2024-05-27,1,151.86,0.15,129.08
S002473,INV01019,P002,2024-12-14,4,348.25,0.1,1253.7
S002474,INV01020,P007,2024-10-21,5,118.83,0.0,594.15
S002475,INV01020,P021,2024-10-21,5,285.53,0.15,1213.5
S002476,INV01020,P014,2024-10-21,3,365.65,0.1,987.25
S002477,INV01021,P016,2025-01-20,3,135.67,0.0,407.01
S002478,INV01022,P015,2024-07-31,4,151.86,0.0,607.44
S002479,INV01022,P007,2024-07-31,3,118.83,0.15,303.02
S002480,INV01022,P006,2024-07-31,2,187.1,0.15,318.07
S002481,INV01022,P003,2024-07-31,1,508.77,0.15,432.45
S002482,INV01023,P021,2025-11-02,3,285.53,0.05,813.76
S002483,INV01023,P019,2025-11-02,3,298.11,0.15,760.18
S002484,INV01024,P005,2025-03-23,5,66.59,0.1,299.66
S002485,INV01024,P006,2025-03-23,2,187.1,0.05,355.49
S002486,INV01024,P019,2025-03-23,4,298.11,0.0,1192.44
S002487,INV01024,P009,2025-03-23,5,555.19,0.15,2359.56
S002488,INV01025,P011,2025-12-10,2,292.74,0.15,497.66
S002489,INV01026,P014,2025-08-05,5,365.65,0.15,1554.01
S002490,INV01026,P011,2025-08-05,4,292.74,0.05,1112.41
S002491,INV01026,P003,2025-08-05,3,508.77,0.0,1526.31
S002492,INV01027,P009,2025-03-20,5,555.19,0.05,2637.15
S002493,INV01027,P005,2025-03-20,1,66.59,0.0,66.59
S002494,INV01027,P019,2025-03-20,5,298.11,0.0,1490.55
S002495,INV01028,P010,2024-08-30,5,358.33,0.0,1791.65
S002496,INV01029,P017,2025-02-14,3,680.26,0.0,2040.78
S002497,INV01029,P001,2025-02-14,1,564.89,0.1,508.4
S002498,INV01030,P007,2025-08-06,4,118.83,0.1,427.79
S002499,INV01030,P003,2025-08-06,2,508.77,0.0,1017.54
S002500,INV01030,P010,2025-08-06,5,358.33,0.1,1612.48
S002501,INV01031,P020,2025-12-13,5,501.47,0.1,2256.62
S002502,INV01031,P009,2025-12-13,3,555.19,0.05,1582.29
S002503,INV01031,P010,2025-12-13,3,358.33,0.15,913.74
S002504,INV01032,P014,2025-02-08,4,365.65,0.05,1389.47
S002505,INV01033,P019,2025-12-28,2,298.11,0.15,506.79
S002506,INV01034,P001,2024-12-14,4,564.89,0.05,2146.58
S002507,INV01034,P007,2024-12-14,5,118.83,0.1,534.74
S002508,INV01034,P016,2024-12-14,5,135.67,0.1,610.51
S002509,INV01034,P006,2024-12-14,3,187.1,0.0,561.3
S002510,INV01035,P021,2024-09-23,5,285.53,0.1,1284.88
S002511,INV01035,P009,2024-09-23,1,555.19,0.0,555.19
S002512,INV01036,P005,2025-02-10,2,66.59,0.0,133.18
S002513,INV01036,P008,2025-02-10,5,24.11,0.15,102.47
S002514,INV01037,P019,2025-12-05,3,298.11,0.0,894.33
S002515,INV01038,P018,2025-09-22,3,588.71,0.0,1766.13
S002516,INV01039,P014,2025-05-16,1,365.65,0.1,329.08
S002517,INV01039,P003,2025-05-16,3,508.77,0.05,1449.99
S002518,INV01039,P007,2025-05-16,3,118.83,0.15,303.02
S002519,INV01040,P010,2025-12-02,5,358.33,0.0,1791.65
S002520,INV01040,P001,2025-12-02,1,564.89,0.1,508.4
S002521,INV01041,P017,2025-09-19,1,680.26,0.1,612.23
S002522,INV01041,P020,2025-09-19,2,501.47,0.05,952.79
S002523,INV01041,P013,2025-09-19,4,499.96,0.05,1899.85
S002524,INV01041,P021,2025-09-19,1,285.53,0.0,285.53
S002525,INV01042,P009,2024-07-28,2,555.19,0.0,1110.38
S002526,INV01042,P010,2024-07-28,3,358.33,0.15,913.74
S002527,INV01042,P003,2024-07-28,4,508.77,0.1,1831.57
S002528,INV01043,P004,2024-02-26,1,296.13,0.0,296.13
S002529,INV01043,P007,2024-02-26,1,118.83,0.0,118.83
S002530,INV01044,P007,2024-06-21,5,118.83,0.0,594.15
S002531,INV01044,P015,2024-06-21,3,151.86,0.0,455.58
S002532,INV01044,P020,2024-06-21,1,501.47,0.1,451.32
S002533,INV01044,P005,2024-06-21,2,66.59,0.0,133.18
S002534,INV01045,P015,2024-04-13,3,151.86,0.1,410.02
S002535,INV01045,P002,2024-04-13,4,348.25,0.0,1393.0
S002536,INV01045,P003,2024-04-13,2,508.77,0.0,1017.54
S002537,INV01046,P011,2025-09-08,1,292.74,0.0,292.74
S002538,INV01046,P021,2025-09-08,4,285.53,0.0,1142.12
S002539,INV01046,P004,2025-09-08,2,296.13,0.15,503.42
S002540,INV01046,P017,2025-09-08,5,680.26,0.05,3231.24
S002541,INV01047,P014,2025-10-07,2,365.65,0.1,658.17
S002542,INV01047,P016,2025-10-07,5,135.67,0.15,576.6
S002543,INV01048,P009,2024-09-02,5,555.19,0.15,2359.56
S002544,INV01048,P016,2024-09-02,3,135.67,0.0,407.01
S002545,INV01048,P018,2024-09-02,2,588.71,0.15,1000.81
S002546,INV01049,P012,2025-11-18,3,490.89,0.0,1472.67
S002547,INV01049,P008,2025-11-18,4,24.11,0.1,86.8
S002548,INV01049,P005,2025-11-18,2,66.59,0.05,126.52
S002549,INV01050,P006,2024-12-24,1,187.1,0.15,159.03
S002550,INV01051,P004,2024-05-10,5,296.13,0.1,1332.59
S002551,INV01051,P001,2024-05-10,4,564.89,0.15,1920.63
S002552,INV01052,P007,2024-09-23,1,118.83,0.15,101.01
S002553,INV01053,P018,2025-07-15,4,588.71,0.05,2237.1
S002554,INV01053,P013,2025-07-15,1,499.96,0.0,499.96
S002555,INV01054,P005,2024-11-26,1,66.59,0.15,56.6
S002556,INV01054,P002,2024-11-26,5,348.25,0.05,1654.19
S002557,INV01054,P007,2024-11-26,4,118.83,0.0,475.32
S002558,INV01055,P017,2025-06-24,5,680.26,0.0,3401.3
S002559,INV01056,P018,2025-11-15,3,588.71,0.05,1677.82
S002560,INV01057,P013,2025-07-24,5,499.96,0.0,2499.8
S002561,INV01057,P017,2025-07-24,1,680.26,0.05,646.25
S002562,INV01057,P010,2025-07-24,1,358.33,0.0,358.33
S002563,INV01057,P004,2025-07-24,4,296.13,0.05,1125.29
S002564,INV01058,P014,2025-09-18,1,365.65,0.0,365.65
S002565,INV01058,P005,2025-09-18,2,66.59,0.1,119.86
S002566,INV01058,P013,2025-09-18,2,499.96,0.0,999.92
S002567,INV01059,P005,2024-09-15,4,66.59,0.0,266.36
S002568,INV01059,P003,2024-09-15,2,508.77,0.1,915.79
S002569,INV01059,P009,2024-09-15,3,555.19,0.05,1582.29
S002570,INV01060,P007,2024-04-04,5,118.83,0.0,594.15
S002571,INV01061,P021,2024-12-23,2,285.53,0.05,542.51
S002572,INV01061,P019,2024-12-23,3,298.11,0.15,760.18
S002573,INV01061,P014,2024-12-23,3,365.65,0.15,932.41
S002574,INV01061,P018,2024-12-23,5,588.71,0.15,2502.02
S002575,INV01062,P004,2025-02-23,2,296.13,0.15,503.42
S002576,INV01063,P007,2024-05-08,5,118.83,0.0,594.15
S002577,INV01063,P003,2024-05-08,4,508.77,0.0,2035.08
S002578,INV01063,P001,2024-05-08,3,564.89,0.0,1694.67
S002579,INV01063,P005,2024-05-08,5,66.59,0.05,316.3
S002580,INV01064,P017,2024-10-19,3,680.26,0.15,1734.66
S002581,INV01064,P019,2024-10-19,3,298.11,0.0,894.33
S002582,INV01064,P020,2024-10-19,1,501.47,0.05,476.4
S002583,INV01064,P013,2024-10-19,1,499.96,0.0,499.96
S002584,INV01065,P001,2024-06-08,2,564.89,0.0,1129.78
S002585,INV01065,P004,2024-06-08,2,296.13,0.1,533.03
S002586,INV01066,P019,2024-08-15,1,298.11,0.0,298.11
S002587,INV01066,P012,2024-08-15,3,490.89,0.1,1325.4
S002588,INV01066,P002,2024-08-15,1,348.25,0.15,296.01
S002589,INV01066,P009,2024-08-15,3,555.19,0.05,1582.29
S002590,INV01067,P017,2025-08-26,4,680.26,0.15,2312.88
S002591,INV01067,P007,2025-08-26,3,118.83,0.0,356.49
S002592,INV01067,P003,2025-08-26,1,508.77,0.15,432.45
S002593,INV01068,P006,2025-08-19,5,187.1,0.15,795.17
S002594,INV01069,P010,2024-07-29,2,358.33,0.05,680.83
S002595,INV01069,P004,2024-07-29,2,296.13,0.0,592.26
S002596,INV01070,P008,2024-11-26,3,24.11,0.1,65.1
S002597,INV01070,P016,2024-11-26,4,135.67,0.15,461.28
S002598,INV01071,P020,2025-06-07,5,501.47,0.05,2381.98
S002599,INV01071,P021,2025-06-07,4,285.53,0.0,1142.12
S002600,INV01072,P011,2025-02-19,1,292.74,0.0,292.74
S002601,INV01072,P007,2025-02-19,1,118.83,0.0,118.83
S002602,INV01073,P015,2025-11-23,2,151.86,0.15,258.16
S002603,INV01073,P013,2025-11-23,5,499.96,0.1,2249.82
S002604,INV01073,P011,2025-11-23,5,292.74,0.0,1463.7
S002605,INV01074,P017,2024-07-31,1,680.26,0.0,680.26
S002606,INV01074,P004,2024-07-31,1,296.13,0.05,281.32
S002607,INV01074,P002,2024-07-31,4,348.25,0.0,1393.0
S002608,INV01074,P006,2024-07-31,5,187.1,0.0,935.5
S002609,INV01075,P020,2024-06-23,4,501.47,0.0,2005.88
S002610,INV01075,P016,2024-06-23,3,135.67,0.0,407.01
S002611,INV01075,P002,2024-06-23,3,348.25,0.0,1044.75
S002612,INV01075,P007,2024-06-23,3,118.83,0.1,320.84
S002613,INV01076,P007,2025-04-06,1,118.83,0.15,101.01
S002614,INV01076,P015,2025-04-06,2,151.86,0.05,288.53
S002615,INV01076,P002,2025-04-06,1,348.25,0.0,348.25
S002616,INV01076,P020,2025-04-06,5,501.47,0.1,2256.62
S002617,INV01077,P001,2025-04-22,4,564.89,0.0,2259.56
S002618,INV01077,P017,2025-04-22,1,680.26,0.15,578.22
S002619,INV01077,P016,2025-04-22,2,135.67,0.1,244.21
S002620,INV01078,P008,2024-07-06,1,24.11,0.1,21.7
S002621,INV01079,P003,2025-03-31,4,508.77,0.0,2035.08
S002622,INV01079,P020,2025-03-31,4,501.47,0.05,1905.59
S002623,INV01080,P001,2024-12-13,4,564.89,0.15,1920.63
S002624,INV01081,P001,2024-05-04,3,564.89,0.0,1694.67
S002625,INV01081,P019,2024-05-04,4,298.11,0.05,1132.82
S002626,INV01081,P007,2024-05-04,4,118.83,0.05,451.55
S002627,INV01081,P010,2024-05-04,5,358.33,0.05,1702.07
S002628,INV01082,P006,2025-03-15,5,187.1,0.15,795.17
S002629,INV01082,P017,2025-03-15,3,680.26,0.0,2040.78
S002630,INV01083,P005,2025-12-21,1,66.59,0.05,63.26
S002631,INV01083,P012,2025-12-21,4,490.89,0.0,1963.56
S002632,INV01084,P012,2025-01-19,1,490.89,0.1,441.8
S002633,INV01084,P017,2025-01-19,4,680.26,0.0,2721.04
S002634,INV01084,P010,2025-01-19,1,358.33,0.0,358.33
S002635,INV01085,P016,2025-07-31,4,135.67,0.0,542.68
S002636,INV01085,P008,2025-07-31,4,24.11,0.1,86.8
S002637,INV01085,P001,2025-07-31,4,564.89,0.05,2146.58
S002638,INV01085,P013,2025-07-31,4,499.96,0.0,1999.84
S002639,INV01086,P018,2024-11-14,3,588.71,0.1,1589.52
S002640,INV01086,P003,2024-11-14,2,508.77,0.0,1017.54
S002641,INV01086,P020,2024-11-14,5,501.47,0.0,2507.35
S002642,INV01087,P009,2025-02-01,4,555.19,0.05,2109.72
S002643,INV01087,P004,2025-02-01,4,296.13,0.05,1125.29
S002644,INV01088,P013,2024-05-26,1,499.96,0.1,449.96
S002645,INV01088,P007,2024-05-26,2,118.83,0.15,202.01
S002646,INV01088,P019,2024-05-26,2,298.11,0.0,596.22
S002647,INV01088,P004,2024-05-26,4,296.13,0.05,1125.29
S002648,INV01089,P020,2024-08-31,5,501.47,0.0,2507.35
S002649,INV01089,P016,2024-08-31,5,135.67,0.0,678.35
S002650,INV01089,P004,2024-08-31,4,296.13,0.05,1125.29
S002651,INV01089,P013,2024-08-31,2,499.96,0.0,999.92
S002652,INV01090,P015,2024-09-06,1,151.86,0.0,151.86
S002653,INV01090,P021,2024-09-06,5,285.53,0.15,1213.5
S002654,INV01091,P001,2025-04-11,2,564.89,0.0,1129.78
S002655,INV01091,P007,2025-04-11,5,118.83,0.1,534.74
S002656,INV01091,P014,2025-04-11,1,365.65,0.15,310.8
S002657,INV01091,P002,2025-04-11,3,348.25,0.0,1044.75
S002658,INV01092,P007,2025-10-16,5,118.83,0.0,594.15
S002659,INV01092,P010,2025-10-16,2,358.33,0.05,680.83
S002660,INV01092,P014,2025-10-16,2,365.65,0.15,621.6
S002661,INV01092,P011,2025-10-16,5,292.74,0.0,1463.7
S002662,INV01093,P016,2025-01-10,2,135.67,0.1,244.21
S002663,INV01093,P001,2025-01-10,2,564.89,0.15,960.31
S002664,INV01093,P003,2025-01-10,2,508.77,0.15,864.91
S002665,INV01093,P010,2025-01-10,2,358.33,0.1,644.99
S002666,INV01094,P008,2024-05-29,3,24.11,0.0,72.33
S002667,INV01095,P012,2024-11-04,5,490.89,0.0,2454.45
S002668,INV01095,P005,2024-11-04,3,66.59,0.1,179.79
S002669,INV01095,P017,2024-11-04,4,680.26,0.0,2721.04
S002670,INV01095,P011,2024-11-04,2,292.74,0.15,497.66
S002671,INV01096,P015,2024-05-03,5,151.86,0.0,759.3
S002672,INV01096,P014,2024-05-03,3,365.65,0.05,1042.1
S002673,INV01096,P017,2024-05-03,4,680.26,0.05,2584.99
S002674,INV01097,P007,2025-07-21,2,118.83,0.05,225.78
S002675,INV01097,P008,2025-07-21,5,24.11,0.0,120.55
S002676,INV01097,P005,2025-07-21,5,66.59,0.05,316.3
S002677,INV01098,P013,2024-09-28,4,499.96,0.1,1799.86
S002678,INV01098,P007,2024-09-28,2,118.83,0.0,237.66
S002679,INV01099,P011,2024-08-12,5,292.74,0.0,1463.7
S002680,INV01099,P018,2024-08-12,4,588.71,0.1,2119.36
S002681,INV01099,P014,2024-08-12,4,365.65,0.0,1462.6
S002682,INV01099,P009,2024-08-12,5,555.19,0.05,2637.15
S002683,INV01100,P014,2024-09-12,4,365.65,0.15,1243.21
S002684,INV01100,P016,2024-09-12,1,135.67,0.15,115.32
S002685,INV01101,P015,2025-09-27,3,151.86,0.15,387.24
S002686,INV01101,P004,2025-09-27,1,296.13,0.0,296.13
S002687,INV01102,P015,2025-07-04,3,151.86,0.15,387.24
S002688,INV01103,P012,2025-09-19,2,490.89,0.15,834.51
S002689,INV01103,P020,2025-09-19,5,501.47,0.15,2131.25
S002690,INV01104,P021,2024-08-30,2,285.53,0.15,485.4
S002691,INV01104,P017,2024-08-30,3,680.26,0.0,2040.78
S002692,INV01105,P019,2024-08-14,1,298.11,0.0,298.11
S002693,INV01106,P021,2024-09-27,3,285.53,0.15,728.1
S002694,INV01106,P020,2024-09-27,3,501.47,0.05,1429.19
S002695,INV01106,P007,2024-09-27,1,118.83,0.15,101.01
S002696,INV01106,P006,2024-09-27,1,187.1,0.0,187.1
S002697,INV01107,P008,2025-07-05,3,24.11,0.0,72.33
S002698,INV01107,P015,2025-07-05,5,151.86,0.1,683.37
S002699,INV01107,P005,2025-07-05,3,66.59,0.0,199.77
S002700,INV01108,P020,2024-01-20,4,501.47,0.05,1905.59
S002701,INV01108,P014,2024-01-20,4,365.65,0.0,1462.6
S002702,INV01108,P001,2024-01-20,1,564.89,0.0,564.89
S002703,INV01108,P012,2024-01-20,4,490.89,0.1,1767.2
S002704,INV01109,P012,2025-06-07,2,490.89,0.05,932.69
S002705,INV01109,P017,2025-06-07,1,680.26,0.0,680.26
S002706,INV01109,P002,2025-06-07,4,348.25,0.0,1393.0
S002707,INV01109,P004,2025-06-07,3,296.13,0.0,888.39
S002708,INV01110,P015,2025-02-06,3,151.86,0.1,410.02
S002709,INV01110,P007,2025-02-06,1,118.83,0.1,106.95
S002710,INV01110,P014,2025-02-06,5,365.65,0.05,1736.84
S002711,INV01111,P005,2025-06-13,5,66.59,0.0,332.95
S002712,INV01112,P015,2024-10-16,3,151.86,0.1,410.02
S002713,INV01112,P014,2024-10-16,1,365.65,0.15,310.8
S002714,INV01112,P002,2024-10-16,2,348.25,0.1,626.85
S002715,INV01113,P006,2025-02-28,5,187.1,0.05,888.72
S002716,INV01113,P013,2025-02-28,5,499.96,0.15,2124.83
S002717,INV01114,P012,2025-11-13,3,490.89,0.15,1251.77
S002718,INV01114,P009,2025-11-13,4,555.19,0.0,2220.76
S002719,INV01114,P011,2025-11-13,3,292.74,0.0,878.22
S002720,INV01115,P006,2024-07-02,4,187.1,0.0,748.4
S002721,INV01115,P017,2024-07-02,3,680.26,0.05,1938.74
S002722,INV01115,P004,2024-07-02,2,296.13,0.1,533.03
S002723,INV01116,P016,2025-06-14,1,135.67,0.15,115.32
S002724,INV01116,P008,2025-06-14,2,24.11,0.15,40.99
S002725,INV01116,P021,2025-06-14,1,285.53,0.0,285.53
S002726,INV01117,P021,2025-01-08,3,285.53,0.05,813.76
S002727,INV01117,P004,2025-01-08,5,296.13,0.15,1258.55
S002728,INV01117,P001,2025-01-08,3,564.89,0.05,1609.94
S002729,INV01117,P015,2025-01-08,3,151.86,0.15,387.24
S002730,INV01118,P001,2024-05-30,3,564.89,0.05,1609.94
S002731,INV01118,P006,2024-05-30,4,187.1,0.15,636.14
S002732,INV01118,P011,2024-05-30,1,292.74,0.1,263.47
S002733,INV01118,P003,2024-05-30,1,508.77,0.0,508.77
S002734,INV01119,P007,2025-11-26,5,118.83,0.0,594.15
S002735,INV01119,P010,2025-11-26,3,358.33,0.1,967.49
S002736,INV01119,P009,2025-11-26,2,555.19,0.1,999.34
S002737,INV01120,P007,2024-05-08,5,118.83,0.05,564.44
S002738,INV01120,P006,2024-05-08,4,187.1,0.1,673.56
S002739,INV01120,P004,2024-05-08,4,296.13,0.15,1006.84
S002740,INV01120,P018,2024-05-08,5,588.71,0.05,2796.37
S002741,INV01121,P004,2025-06-19,3,296.13,0.1,799.55
S002742,INV01121,P007,2025-06-19,1,118.83,0.15,101.01
S002743,INV01121,P017,2025-06-19,3,680.26,0.1,1836.7
S002744,INV01121,P019,2025-06-19,2,298.11,0.05,566.41
S002745,INV01122,P019,2024-05-07,3,298.11,0.1,804.9
S002746,INV01122,P016,2024-05-07,3,135.67,0.0,407.01
S002747,INV01122,P010,2024-05-07,2,358.33,0.05,680.83
S002748,INV01122,P008,2024-05-07,2,24.11,0.0,48.22
S002749,INV01123,P016,2024-11-11,2,135.67,0.0,271.34
S002750,INV01123,P009,2024-11-11,3,555.19,0.15,1415.73
S002751,INV01123,P018,2024-11-11,2,588.71,0.15,1000.81
S002752,INV01124,P001,2024-11-11,3,564.89,0.0,1694.67
S002753,INV01125,P018,2024-07-04,5,588.71,0.1,2649.2
S002754,INV01125,P019,2024-07-04,4,298.11,0.0,1192.44
S002755,INV01125,P013,2024-07-04,4,499.96,0.15,1699.86
S002756,INV01125,P006,2024-07-04,1,187.1,0.0,187.1
S002757,INV01126,P013,2025-08-01,3,499.96,0.0,1499.88
S002758,INV01126,P019,2025-08-01,2,298.11,0.05,566.41
S002759,INV01127,P004,2024-08-07,5,296.13,0.15,1258.55
S002760,INV01127,P013,2024-08-07,4,499.96,0.0,1999.84
S002761,INV01127,P020,2024-08-07,3,501.47,0.15,1278.75
S002762,INV01128,P018,2025-11-02,4,588.71,0.15,2001.61
S002763,INV01128,P008,2025-11-02,3,24.11,0.1,65.1
S002764,INV01129,P017,2024-06-21,1,680.26,0.05,646.25
S002765,INV01130,P009,2025-07-02,5,555.19,0.0,2775.95
S002766,INV01130,P020,2025-07-02,5,501.47,0.05,2381.98
S002767,INV01130,P011,2025-07-02,3,292.74,0.15,746.49
S002768,INV01130,P002,2025-07-02,2,348.25,0.15,592.02
S002769,INV01131,P015,2024-01-16,3,151.86,0.0,455.58
S002770,INV01131,P019,2024-01-16,5,298.11,0.05,1416.02
S002771,INV01131,P012,2024-01-16,3,490.89,0.0,1472.67
S002772,INV01132,P009,2025-08-19,3,555.19,0.0,1665.57
S002773,INV01132,P010,2025-08-19,1,358.33,0.1,322.5
S002774,INV01132,P012,2025-08-19,5,490.89,0.05,2331.73
S002775,INV01132,P006,2025-08-19,5,187.1,0.0,935.5
S002776,INV01133,P011,2025-03-17,3,292.74,0.0,878.22
S002777,INV01133,P015,2025-03-17,2,151.86,0.0,303.72
S002778,INV01133,P012,2025-03-17,1,490.89,0.05,466.35
S002779,INV01134,P003,2024-12-21,4,508.77,0.0,2035.08
S002780,INV01134,P002,2024-12-21,4,348.25,0.0,1393.0
S002781,INV01134,P001,2024-12-21,2,564.89,0.0,1129.78
S002782,INV01135,P001,2025-05-30,5,564.89,0.15,2400.78
S002783,INV01135,P017,2025-05-30,3,680.26,0.05,1938.74
S002784,INV01135,P007,2025-05-30,2,118.83,0.15,202.01
S002785,INV01136,P001,2024-06-03,5,564.89,0.0,2824.45
S002786,INV01136,P015,2024-06-03,4,151.86,0.0,607.44
S002787,INV01137,P006,2025-03-25,2,187.1,0.0,374.2
S002788,INV01137,P005,2025-03-25,4,66.59,0.0,266.36
S002789,INV01137,P021,2025-03-25,4,285.53,0.0,1142.12
S002790,INV01137,P012,2025-03-25,1,490.89,0.15,417.26
S002791,INV01138,P021,2024-10-23,4,285.53,0.0,1142.12
S002792,INV01138,P004,2024-10-23,1,296.13,0.0,296.13
S002793,INV01138,P013,2024-10-23,2,499.96,0.0,999.92
S002794,INV01139,P007,2025-06-20,4,118.83,0.0,475.32
S002795,INV01139,P003,2025-06-20,3,508.77,0.0,1526.31
S002796,INV01139,P012,2025-06-20,4,490.89,0.0,1963.56
S002797,INV01139,P019,2025-06-20,3,298.11,0.1,804.9
S002798,INV01140,P014,2025-09-27,5,365.65,0.0,1828.25
S002799,INV01141,P011,2025-08-08,4,292.74,0.05,1112.41
S002800,INV01142,P002,2025-02-22,2,348.25,0.05,661.67
S002801,INV01142,P020,2025-02-22,1,501.47,0.0,501.47
S002802,INV01142,P018,2025-02-22,3,588.71,0.1,1589.52
S002803,INV01143,P018,2024-01-27,3,588.71,0.05,1677.82
S002804,INV01144,P003,2025-01-15,5,508.77,0.0,2543.85
S002805,INV01145,P003,2025-06-09,5,508.77,0.15,2162.27
S002806,INV01145,P002,2025-06-09,4,348.25,0.0,1393.0
S002807,INV01146,P020,2024-07-05,3,501.47,0.0,1504.41
S002808,INV01146,P021,2024-07-05,5,285.53,0.1,1284.88
S002809,INV01146,P004,2024-07-05,2,296.13,0.05,562.65
S002810,INV01147,P020,2025-11-11,3,501.47,0.0,1504.41
S002811,INV01147,P009,2025-11-11,1,555.19,0.0,555.19
S002812,INV01147,P012,2025-11-11,2,490.89,0.0,981.78
S002813,INV01148,P006,2024-10-26,1,187.1,0.05,177.74
S002814,INV01149,P016,2025-07-08,3,135.67,0.15,345.96
S002815,INV01149,P008,2025-07-08,2,24.11,0.05,45.81
S002816,INV01150,P016,2024-10-09,4,135.67,0.05,515.55
S002817,INV01151,P020,2024-11-09,2,501.47,0.1,902.65
S002818,INV01151,P018,2024-11-09,2,588.71,0.05,1118.55
S002819,INV01152,P016,2024-12-14,3,135.67,0.0,407.01
S002820,INV01153,P002,2025-11-07,2,348.25,0.1,626.85
S002821,INV01153,P007,2025-11-07,4,118.83,0.0,475.32
S002822,INV01153,P020,2025-11-07,5,501.47,0.15,2131.25
S002823,INV01154,P005,2025-09-04,4,66.59,0.05,253.04
S002824,INV01154,P008,2025-09-04,3,24.11,0.1,65.1
S002825,INV01154,P012,2025-09-04,3,490.89,0.05,1399.04
S002826,INV01154,P017,2025-09-04,1,680.26,0.15,578.22
S002827,INV01155,P013,2024-02-08,4,499.96,0.05,1899.85
S002828,INV01155,P021,2024-02-08,4,285.53,0.05,1085.01
S002829,INV01155,P001,2024-02-08,4,564.89,0.05,2146.58
S002830,INV01155,P017,2024-02-08,2,680.26,0.0,1360.52
S002831,INV01156,P002,2024-08-25,1,348.25,0.1,313.43
S002832,INV01157,P009,2024-04-10,4,555.19,0.1,1998.68
S002833,INV01157,P008,2024-04-10,3,24.11,0.05,68.71
S002834,INV01158,P014,2025-02-19,2,365.65,0.0,731.3
S002835,INV01158,P013,2025-02-19,3,499.96,0.0,1499.88
S002836,INV01159,P014,2025-07-17,3,365.65,0.0,1096.95
S002837,INV01159,P002,2025-07-17,5,348.25,0.1,1567.12
S002838,INV01160,P010,2024-10-27,1,358.33,0.05,340.41
S002839,INV01161,P018,2024-10-02,5,588.71,0.1,2649.2
S002840,INV01162,P004,2025-08-11,3,296.13,0.0,888.39
S002841,INV01162,P018,2025-08-11,3,588.71,0.1,1589.52
S002842,INV01163,P019,2024-03-16,3,298.11,0.0,894.33
S002843,INV01163,P008,2024-03-16,4,24.11,0.05,91.62
S002844,INV01163,P021,2024-03-16,4,285.53,0.0,1142.12
S002845,INV01163,P004,2024-03-16,2,296.13,0.1,533.03
S002846,INV01164,P019,2024-04-15,3,298.11,0.1,804.9
S002847,INV01165,P021,2025-11-22,5,285.53,0.0,1427.65
S002848,INV01165,P017,2025-11-22,3,680.26,0.0,2040.78
S002849,INV01165,P012,2025-11-22,4,490.89,0.15,1669.03
S002850,INV01166,P020,2025-04-21,2,501.47,0.15,852.5
S002851,INV01166,P010,2025-04-21,5,358.33,0.0,1791.65
S002852,INV01167,P019,2024-05-05,4,298.11,0.0,1192.44
S002853,INV01167,P021,2024-05-05,2,285.53,0.05,542.51
S002854,INV01167,P005,2024-05-05,3,66.59,0.0,199.77
S002855,INV01168,P004,2024-06-21,1,296.13,0.05,281.32
S002856,INV01169,P017,2025-07-26,5,680.26,0.0,3401.3
S002857,INV01170,P012,2025-06-20,4,490.89,0.0,1963.56
S002858,INV01170,P010,2025-06-20,1,358.33,0.05,340.41
S002859,INV01170,P008,2025-06-20,1,24.11,0.0,24.11
S002860,INV01170,P015,2025-06-20,2,151.86,0.0,303.72
S002861,INV01171,P017,2025-03-08,2,680.26,0.1,1224.47
S002862,INV01172,P016,2025-03-26,5,135.67,0.15,576.6
S002863,INV01172,P014,2025-03-26,5,365.65,0.0,1828.25
S002864,INV01172,P002,2025-03-26,4,348.25,0.15,1184.05
S002865,INV01173,P021,2024-05-10,1,285.53,0.0,285.53
S002866,INV01173,P006,2024-05-10,5,187.1,0.0,935.5
S002867,INV01174,P006,2025-03-14,5,187.1,0.0,935.5
S002868,INV01174,P002,2025-03-14,1,348.25,0.0,348.25
S002869,INV01175,P009,2024-03-11,3,555.19,0.05,1582.29
S002870,INV01175,P017,2024-03-11,4,680.26,0.0,2721.04
S002871,INV01175,P010,2024-03-11,1,358.33,0.05,340.41
S002872,INV01175,P021,2024-03-11,5,285.53,0.0,1427.65
S002873,INV01176,P009,2024-11-11,4,555.19,0.05,2109.72
S002874,INV01176,P018,2024-11-11,4,588.71,0.1,2119.36
S002875,INV01177,P017,2025-08-05,4,680.26,0.0,2721.04
S002876,INV01178,P003,2024-09-08,2,508.77,0.1,915.79
S002877,INV01178,P006,2024-09-08,2,187.1,0.0,374.2
S002878,INV01179,P014,2024-01-24,2,365.65,0.05,694.73
S002879,INV01179,P008,2024-01-24,4,24.11,0.15,81.97
S002880,INV01180,P017,2025-10-19,5,680.26,0.15,2891.11
S002881,INV01180,P014,2025-10-19,2,365.65,0.05,694.73
S002882,INV01180,P004,2025-10-19,1,296.13,0.15,251.71
S002883,INV01181,P010,2025-04-15,2,358.33,0.0,716.66
S002884,INV01182,P009,2024-04-21,5,555.19,0.0,2775.95
S002885,INV01183,P015,2025-01-05,5,151.86,0.0,759.3
S002886,INV01184,P011,2024-12-19,1,292.74,0.0,292.74
S002887,INV01184,P004,2024-12-19,2,296.13,0.15,503.42
S002888,INV01184,P019,2024-12-19,3,298.11,0.15,760.18
S002889,INV01185,P001,2025-02-07,1,564.89,0.1,508.4
S002890,INV01185,P014,2025-02-07,3,365.65,0.0,1096.95
S002891,INV01186,P002,2024-06-08,2,348.25,0.05,661.67
S002892,INV01186,P010,2024-06-08,5,358.33,0.0,1791.65
S002893,INV01187,P011,2025-02-07,3,292.74,0.15,746.49
S002894,INV01187,P010,2025-02-07,2,358.33,0.0,716.66
S002895,INV01187,P007,2025-02-07,3,118.83,0.0,356.49
S002896,INV01188,P009,2025-02-23,1,555.19,0.0,555.19
S002897,INV01188,P020,2025-02-23,2,501.47,0.1,902.65
S002898,INV01188,P019,2025-02-23,4,298.11,0.05,1132.82
S002899,INV01189,P011,2025-06-29,4,292.74,0.0,1170.96
S002900,INV01189,P005,2025-06-29,2,66.59,0.15,113.2
S002901,INV01189,P007,2025-06-29,5,118.83,0.05,564.44
S002902,INV01190,P021,2025-06-02,2,285.53,0.0,571.06
S002903,INV01190,P004,2025-06-02,3,296.13,0.15,755.13
S002904,INV01191,P007,2025-07-02,3,118.83,0.0,356.49
S002905,INV01192,P006,2025-10-22,4,187.1,0.1,673.56
S002906,INV01192,P017,2025-10-22,5,680.26,0.15,2891.11
S002907,INV01192,P015,2025-10-22,3,151.86,0.05,432.8
S002908,INV01192,P008,2025-10-22,4,24.11,0.15,81.97
S002909,INV01193,P009,2024-05-29,2,555.19,0.15,943.82
S002910,INV01193,P020,2024-05-29,3,501.47,0.1,1353.97
S002911,INV01193,P012,2024-05-29,5,490.89,0.0,2454.45
S002912,INV01194,P008,2024-03-21,5,24.11,0.1,108.5
S002913,INV01194,P010,2024-03-21,4,358.33,0.1,1289.99
S002914,INV01194,P016,2024-03-21,4,135.67,0.05,515.55
S002915,INV01195,P016,2024-07-19,4,135.67,0.0,542.68
S002916,INV01196,P013,2025-05-27,3,499.96,0.05,1424.89
S002917,INV01196,P011,2025-05-27,2,292.74,0.1,526.93
S002918,INV01196,P010,2025-05-27,2,358.33,0.05,680.83
S002919,INV01196,P001,2025-05-27,3,564.89,0.1,1525.2
S002920,INV01197,P003,2024-05-20,4,508.77,0.1,1831.57
S002921,INV01198,P003,2024-05-04,4,508.77,0.05,1933.33
S002922,INV01199,P009,2025-05-27,2,555.19,0.05,1054.86
S002923,INV01199,P002,2025-05-27,2,348.25,0.15,592.02
S002924,INV01199,P005,2025-05-27,4,66.59,0.0,266.36
S002925,INV01200,P001,2024-10-28,4,564.89,0.15,1920.63
